product_id,merchant_id,price,retail_price,units_sold,rating,inventory_total
5e9ae51d43d6a96e303acdb0,595097d6a26f6e070cb878d1,16.0,14,100,3.76,50
58940d436a0d3d5da4e95a38,56458aa03a698c35c9050988,8.0,22,20000,3.45,50
5ea10e2c617580260d55310a,5d464a1ffdf7bc44ee933c65,8.0,43,100,3.57,50
5cedf17ad1d44c52c59e4aca,58cfdefdacb37b556efdff7c,8.0,8,5000,4.03,50
5ebf5819ebac372b070b0e70,5ab3b592c3911a095ad5dadb,2.72,3,100,3.1,50
5ec645bafd107a02279c8c54,5e4b9c3801ba9d210036fc5a,3.92,9,10,5.0,50
5c63a337d5e2ce4bbb3152cf,5652f4053a698c76dc9a3f37,7.0,6,50000,3.84,50
5e0ae5ebc2efb76ccf0a3391,5d45349676befe65691dcfbb,12.0,11,1000,3.76,50
5e6f1fb7fe4a5bb4b8bf36e5,5d42980e8388970d32294ddc,11.0,84,100,3.47,50
5ccfaf238a8d535cec2dfb47,5ba2251b4315d12ebce873fa,5.78,22,5000,3.6,50
5cac5af68de7960d89e54fe0,5952a218e81e8a4c30b5bbbc,5.79,5,1000,3.46,50
5ec49d527d7044ccfa3f1c04,56cd27b048e91e13aa3986e4,6.0,8,100,3.31,50
5e9da39dc737cf255eddd4bf,5d3c419de4b65d4fb81e7286,1.91,6,1000,3.45,50
5d1db3c0e2b5cc0f74e091af,566eaa533a698c6442549a74,5.79,42,1000,3.32,50
5cc2ce18bc97595b6549fa14,5926c5ace8ff5525241b368d,2.0,2,20000,3.65,50
5c85d47641ec3b55d4d14f79,566012f6769a5629aefca555,11.0,81,1000,3.92,50
5cd3e795ebe403118bbc0f89,5b8beef49996c87b299cdbec,11.0,10,10000,3.72,50
5b07a7c6e997b33c6f9947da,5708773c3c02161b3f8c7900,5.0,25,100000,3.83,50
5a8f82375e2ae101c8913122,59cdc2112351344fc0dfa54f,9.0,9,20000,3.82,50
5cf648ce373ac2069fd6317d,5ae296b6cd968d66be12d247,7.0,7,1000,3.67,50
57416238fc6f7d5d698f3c9f,5576bb43de4a8c24953ae98f,11.0,10,5000,3.84,50
5c244b73e6a1c618296f73db,55ed5a3362e273427107759e,5.0,6,20000,3.6,50
5e1056784fff5f26e6f1745d,5ae93337d204cc177313f242,11.0,26,1000,3.38,50
5d15731024c17f6b8b9bd97a,5cb636dda7173671aedef051,7.0,6,5000,3.67,50
5c63adf7edc5d6528e8b1ca3,583138b06339b410ab9663ec,5.71,5,1000,3.75,50
5bed2a42bdf0421a30e62c6c,575cfe470551415caa5505b5,9.0,32,1000,4.15,50
5b5edbae1e222732845e655f,5a0fe8770a332a615df86c5e,9.0,9,1000,4.03,50
5a4f2d8f5dcd0221008b2c36,56c6f731bc435416ed5984d7,5.65,5,20000,4.29,50
5e5e09065b03ef0b420f333f,58ba636a69ad29505a730852,1.74,2,100,4.25,50
5cc0049aca0c3b3d01a87964,5adef3559d5e9767b3177472,5.65,6,1000,4.06,50
5c9d920da94960780239d468,539937d634067e06707b1a8e,14.0,76,100,4.06,50
5c9ee457c233fd74ef4c8a84,54d30f53dc8ce133f79b434d,5.65,6,1000,4.37,50
5dc4488112f5e91a9d4bb52e,5d49403060c79c113a908720,8.0,7,1000,3.81,50
5b582d5ec4561c4f6b53feeb,547bdd648edcfa5656cac810,2.66,3,5000,3.44,50
5cae1d6c836ecb39e57e9e80,582833faea77701b456c786a,9.0,8,10000,3.8,50
5b10cf0b7cc4492c87411045,559d33adc605853731afbf10,11.0,10,1000,4.16,50
5eb4dcebdaa4b90940076979,5684eae9daaaee26a0fdadba,8.0,17,100,2.75,50
5c80e8a150c63d28c67b8f14,583138b06339b410ab9663ec,14.0,12,5000,4.06,50
5e7adc5458a95b3323a3c6eb,55dc3dcd8950c811f73a48a4,5.8,8,100,3.83,50
5d2fd5a9af7a0c5b21369a05,55ed5a3362e273427107759e,13.0,13,1000,4.16,50
556fbe8595528719e004fa27,54bcaabb39b8c00b482a115f,9.0,81,50000,4.26,50
5ea69521f5e1e65a3c70faa8,5d48eef4b5144c50c2ac0af3,7.0,68,10,1.5,50
5ea7e2d999ecf941204c42ee,5e5c7c2c77179e31406eece1,12.0,14,100,3.79,50
5e702eb03aa1f42076ffabc9,58501ac7b9e3474c9f4b2afd,3.69,40,100,3.53,50
57d3bc906cfeb9135f44ded5,56e6928521790d587623b3b4,5.0,5,10000,3.82,50
5c136c3cb870cf4e458afee4,56c6f731bc435416ed5984d7,5.84,56,100,3.28,50
5e9a74e447f7d92c8db8d14b,5e61c817039ce2184a0ed392,16.0,14,10,3.0,50
5af6bc9c13927d50370db58a,57108cd6a995b507211ef8fb,13.0,50,1000,4.03,50
5d1573a55a16864c5de706ab,5b160017daac45594728d9ba,9.0,8,10000,3.18,50
5c9212fc8de79667e3c7ca59,59257409b674b15e8191b8de,7.0,6,100,3.8,50
5ea2877224b9643185e52b58,5b0e27596b9302238a10c3f8,11.0,20,100,3.43,50
5d806ae97c339c307264cf76,548142ac653d51041ac1174f,5.84,11,1000,4.19,50
5ee717cbcb636e7b8b597fc3,5684ca0f73c0e02989b91cad,1.0,11,1000,3.8,50
5ebb9faea86f7a4d86e2f6fb,5e5363458cd99e4035bcd1c8,11.0,60,1000,3.38,50
5ceb62be9795ee4693f2cd00,5c51b9b468178729c4213657,9.0,8,5000,4.03,50
5af519e189a29b15fca1b13b,55c89dc93a698c6010edccc4,6.0,56,1000,3.5,50
5e81acbde187530740f207c6,5268759b736046671957190c,1.0,10,100,3.56,50
5c879aba202e6b38cd317164,5660e53e769a564b3e3aeca0,9.0,8,5000,4.06,50
5ed1b644b1e34008ce012d4b,5eb51ed929e7865dc268a561,6.0,6,100,4.0,50
5d52b1d7314eb61030644375,5a4b4ab27dee4a057cca7429,11.0,68,1000,4.13,50
5ebff6d34a4cf4438dba5d80,5d4bbed57ad242352a46d910,7.0,6,50,4.0,50
5eba6ecb9a9e129fb97b5dfd,5e4b6a0c57cc9b0b53e499a4,5.0,38,50,5.0,50
5d04e3db2ec1245228829a64,5b4028d56385741bff3b9163,5.87,11,1000,3.91,50
5aec22cec25735338c544690,55e7e41e606d0a18fdfc67d1,11.0,10,5000,3.72,50
5ec5cf37cd3da70de19c3f18,5eb8b5ebac21070efaf91c99,8.0,10,100,2.71,50
5d034039c822d263d90f58d4,580f06685250a20783d33e56,14.0,67,1000,3.81,50
5e940265ea3640c9ca0353aa,5710ac98b2d43a5925da8dd8,2.0,9,100,3.47,50
5c9ca27e5aee12258c2f341c,577fb2b368116418674befd9,8.0,7,10000,3.93,50
5d29bc2ed35393550e31d6f3,5b14d31d7e43f22f255ea98c,5.79,30,1000,3.41,50
5e86c211d22ae539102d25c7,583d7475269aad1da3dc2294,8.0,22,100,3.74,50
5d2407e66e8e037b4dd9fad3,55c8a4c33a698c6010edcd9e,4.9399999999999995,5,10000,3.93,50
5b0386696040cc41f2331c83,5aa1f31308a2240a052e9a1a,8.0,7,10000,3.82,50
5d5d038d99df1e17cc9313cf,53f6b7c81c105e2dfac91041,11.0,10,100,3.46,50
5ed0dfc51fa8446451b19c0d,592955ef980a346d826f7bfc,8.0,33,10,5.0,50
5eb0f23c904507255ca6530c,575ab2de20c8d15cb59e5ee0,9.0,33,50,4.5,50
5e4267d60640954a435e64f5,5d462e58f320403871a78593,7.0,6,100,4.26,50
5b29e5b5080ea2661b2287f6,583e7f658108913bced6f8cf,11.0,10,10000,4.24,50
5eafcf8a1f07813cd5404b52,58311e2257e86a1b8863f74c,8.0,92,100,3.56,50
5c91e1ecb14bfa747e277427,58ad449708de0c6dc59d9e06,5.83,5,10000,4.22,50
5ccd341e8cc067595fcba7c4,5b8e776e2eb51f7a5900a88a,8.0,7,1000,3.42,50
5ec773b5967eb036b2c2e668,5b348167af6b3122dba38825,5.77,5,100,4.0,50
5de079e771151e6e9e85ee05,591ed674fc9cce0fcd7ff354,5.9,5,10000,3.64,50
5e97e0c7cb3cec329c7b4e98,546415e89719cd2ac2e20045,6.0,20,100,3.08,50
5ad987d8918dae087d633040,58ad449708de0c6dc59d9e06,7.0,6,50000,4.41,50
5cc67417a01bbd6b6c066df2,5c73a50ba0e25714e7f2bf90,8.0,7,10000,3.7,50
5d0b4268d5c8e1784b6e23b4,58259c456ebae74739ecfdc8,12.0,11,1000,3.81,50
5c061cf358603c4b35a19363,5b2620ddd1c360688799eb51,5.78,8,20000,4.0,50
5e5f5289a950c34147f0d94b,5ae417f567d25c041f6dd934,12.0,17,5000,3.94,50
5cf5e44b3c8b9e101a5db52c,5a7b23a69bda4e3d375e7b3f,11.0,10,20000,4.07,50
5d78eb19cc404c03393c83b5,5a792e56a71fbf471cf1fc99,8.0,51,100,4.29,50
544b079d1280fa28eee9b380,53f2beb39020ee03566d6e18,5.77,48,100000,4.1,50
5b35cab04f75026255f2364a,5368f053bb72c5150191a140,9.0,8,20000,3.7,50
5ebe0ead593b960eb1c82d0b,558c2cdc89d53c4005ea2920,1.72,2,100,3.77,50
5e958754a9136f26ddb12929,56c94ae6df108f5af83b1e0f,1.86,9,100,3.57,50
5eb8b430e015797901090ac0,5e72dc545021d6138b405bdc,14.0,92,100,4.54,50
5e7f13c2bd7ab15d52e9b5f9,5d40ffe372b0c94d00f6c1f0,3.69,4,1000,3.64,50
5e9d55038d475a01721c1c7f,5486cf7540b3786ec7c7e4ee,11.0,30,100,4.11,50
5eaa6d9c8d99eb3ec06709f4,5de0981739adf2a3406bed18,9.0,8,100,3.18,50
5a5db5398988991d7f7aec44,55c8029641d799421d41fe3a,6.0,8,10000,3.96,50
5e9fff5de4df1d32ef2ca70c,5e64b92e00ff3743cf8f3c3d,20.0,17,100,2.8,50
5a4b9eba2b0a1c3062666033,58a6b5d975b8da57c954c719,5.66,5,5000,3.89,50
5e1bd924d7be4445acfa8c6d,5d9f24a451a4ed72d95bac9c,8.0,65,100,3.97,50
5c5fc9a63af7386b63c00d25,556fc80f95528719e004fe8b,8.0,7,1000,3.61,50
5e6bbe2bb683599ccbb78637,5a2bc05fddda8c49398c52fe,6.0,6,1000,3.82,50
5b1f9afe694fab75ca9fa8ea,5ac0310597223354603de223,11.0,10,5000,3.96,50
5e9915ef9fae4f26f32f15df,5d5256c527752b19063d8c53,7.0,6,1000,4.2,50
5c78151c27202a28a75752b7,559d33adc605853731afbf10,11.0,10,10000,3.77,50
5e743eded2656b046017c719,55dc300452a04b658ad68139,5.8100000000000005,30,100,2.61,50
5acb7ae3a69e662bb0133546,57baf75f63834218e305e4f4,14.0,12,10000,3.93,50
5eb90ab5ad67f63678d15ed9,5d464a1ffdf7bc44ee933c65,5.0,51,10,5.0,50
5e9d3df803ee35376979fe40,5845000d330f3a4d59cff91f,5.0,5,100,4.3,50
5dd00194ea9f8e175c5561a9,54db03867851097093c0efe7,11.0,10,1000,4.12,50
5eb8a1d594d1e31702a4ef7c,5d53751b40defd6833e480ad,12.0,67,10,3.67,50
5ec118ec7b4679d720f8de1d,5db248327c0d0800c24fc084,5.68,5,10,4.5,50
5ddf65d292bf935981e0eaa7,5dbb45d78aabea2d9e97b407,11.0,10,100,4.0,50
5780938ff1ab1f1146be7dd1,565537c7a9a8a4572be0bef5,17.0,15,10000,4.16,50
5e3fa5ca9c4021248d4e1c37,58ff26fc42fc6a113afae083,7.0,43,100,3.71,50
5edb2db0fcc85c2e12014395,5e686e632fb13f0b010b6cd0,12.0,85,50,4.75,50
5edf1267c771c4255ceee25d,5a9e4f25e05388149703d9c8,7.0,6,100,5.0,50
5eb4dd169263020a42be1a88,566a47bfe9fa8a31b3ef5141,7.0,33,50,3.0,50
5d93f4284385140973836ddf,58c910072be00b51c601ccee,11.0,59,1000,4.11,50
5e74326f3ae3412b2f7d9f42,55dc2bf3b92a5941ebd4ecf2,12.0,43,100,3.59,50
5eb8d93dbd495919c2a0feb6,576518fcf093bd5e79c5e351,13.0,51,5000,3.61,50
5ed3ae8e7bf8821d5cf4bc64,5d417e7070327a2743021677,2.72,9,1,5.0,50
5cf509abb483551e0278ac5e,5c51b9b468178729c4213657,6.0,6,20000,3.99,50
5e946e7e5a19660b52733c7e,5e6d18bceb2b33bdc975950f,9.0,56,100,4.03,50
5ed868776a5a342472182986,5e6771b33cce5a8dd4f6fd3c,5.0,5,50,5.0,50
5ce74be097a9f1764b0df1f3,545dab9f5f313f1e28cb1a2f,5.86,5,1000,3.73,50
5cf632d1c0baab5b15e71437,5acaf29d5ebcfd72403106a8,2.0,2,10000,3.99,50
5cef6f6f1d8cd844d8dade14,5667f9745eec70268023940b,7.0,6,5000,4.38,50
5eb0b91db0d5d210fe8ac2ff,583da4b58108913e6c79a32e,5.66,6,100,3.08,50
5d2432e4e991b724c8327597,5b96067f42ebca48f6c041e8,13.0,17,5000,4.11,50
5ce604beadbdfb572729ca3f,5533c83986ff95173dc017d0,8.0,7,5000,3.6,50
5e7482a975c1d92dea899a18,5dde67d7801ecf6d4c385348,11.0,10,1000,3.78,50
57639e8824841762459c5e5c,5760bd976238335e38551943,8.0,7,20000,4.05,50
5e8dd27d5318e78013eafd40,567eb3a5d8a1043c0ab70707,16.0,76,100,3.53,50
5ebb8a4dc5b72c3e982ec9c1,55ed54947e8372421830b946,11.0,10,100,4.6,50
57eccd2865007e1903d250d8,578866243a698c1713f2d19c,8.0,7,20000,4.16,50
5cd939cadb29322e7a79b575,55dc300452a04b658ad68139,14.0,12,1000,4.04,50
5dea1d9cec016f062ce8aab1,5d8b2f16ddac8e198fc7c8b7,7.0,6,100,3.6,50
5d05d9ca81f992576d4f0d23,557ed5b886d66519ff242099,12.0,11,20000,3.89,50
5d80989a9abb1f75b86fb8ce,5d47dd864f7ba75f53d67c7c,7.0,50,1000,3.49,50
5eccd22b4497b86fd48f16b4,54d83b6b6b8a771e478558de,2.0,56,100,3.07,50
5eb650f019701819801f42b2,59b7d6e1eea5c510889ea754,6.0,16,100,3.11,50
5cfa8fd7b5db0b6cbdb5f4a6,5cd6743c8da3ad22253d937f,8.0,7,1000,4.07,50
58e0f38f9bf29f55183efd0d,58183b4ea642e03dc54eda6e,8.0,84,20000,3.96,50
5ebe24ca1c5e1d1d5306a00b,599bf53b21064f19ffffc891,8.0,25,5000,4.0,50
5d134234b8b4be6c4ed403ff,5901f6c2a8e3eb2aca4b5559,11.0,22,1000,3.97,50
5cb854e30715c33b71bcd318,582833faea77701b456c786a,3.66,4,5000,3.19,50
5e93d60ebc5446aedde50c50,56cd50871e15ff78c21de8a9,1.68,2,100,3.67,50
5eda07ab0e295c2097c36590,5d56b32c40defd78043d5af9,13.0,11,100,2.5,50
5ec37404c1831f02b79b7cd9,583138b06339b410ab9663ec,13.0,11,1000,3.82,50
5ece1b9e57fd6f3ea96f0b26,5e9a629b29e786250230ba90,11.0,16,100,2.92,50
5a3e27622b0a1c693c87e849,5853765779b45e0b58ad30f4,7.0,9,1000,3.75,50
5b74c8f200e4c40836165131,5763e55cc6053f5e70522ad7,4.8100000000000005,76,10000,4.16,50
5cad4ef199e9b858928efbff,583e34bb0299bc7904a92edf,9.0,8,5000,4.29,50
5b1bf3ccbe42dd67af401067,57ac5da80e3c8a18b4746013,18.0,115,100,3.68,50
5bf4c675e52f7426b0d688f3,59afe1e030e1f33208fb2ca0,7.0,6,5000,3.63,50
5e9e8180ec24302643422eff,5700e2be27992f63cdca2dca,5.0,8,1000,3.06,50
5e9acdb9faf87d3f938dbbe6,5d5b651b283abc16408fff54,1.68,2,1000,3.76,50
5e951bd77e3ea319cb8c4d83,5dc682d24b0ae7154300d493,7.0,6,100,3.81,50
5eb4f323b67a8d189a8f8380,5a2fa9ce6ea4a770c66f5599,6.0,7,50,2.67,50
5e26fc417db45b12adcdffef,5de7a6aa4c9c821f67c14ac3,13.0,19,1000,3.76,50
5e21311e2e434806022e2d5f,5817f156d8ef7848c3b400cc,11.0,89,100,3.46,50
5d9cbb8cf401a262dbc2f81c,5d49403060c79c113a908720,7.0,6,5000,3.29,50
5eb0d6ce8924cd08428a902a,5abbab1d7c27687c3daaad6e,12.0,11,100,2.0,50
5c7a4ff0fc2f9d2ebdc57be4,59f9687a37f9f80d31798d60,6.0,17,100,4.14,50
5e71e299eb0f3b5a3af7c35f,5d173ba2dbf7606ee45e0b19,6.0,17,5000,3.28,50
5ec1ed21f4cb0a320a390bca,5533c83986ff95173dc017d0,8.0,7,100,3.89,50
5d5531bfde263a630dedc093,5d43cb4c4c7855604ee59bbb,8.0,7,100,3.14,50
5c6770a544f429173fab6b0d,590eda48f3d19c203c2648e4,11.0,84,1000,3.98,50
5d401a46387b8d36d665b17b,58311e2257e86a1b8863f74c,6.0,22,5000,4.04,50
5e0eb9a3ce94460127984053,5aca1225e053885132dc837a,11.0,10,1000,3.76,50
5e4b795796159b77894f2afd,5d46cdb476befe7f781dd1af,9.0,8,100,4.16,50
5ea6bb4678212d0c01c3476a,5e4a06cb57cc9b1700e826b3,8.0,26,100,3.07,50
5dde07c651fe4539f9c3ee70,5177b0b63feb620dd802a197,3.78,4,1000,3.35,50
5bff59032065bf4285123b4a,5729fb5ce1220e593d1b86ac,8.0,7,100,3.89,50
5e782fc60185361b7bee805f,58171618bfa9fd1994661235,6.0,145,100,3.83,50
5d369a1866c3c46a8212c172,5b21e84a43b3b67a3089b10d,8.0,17,1000,3.96,50
59cc60cb86ac5b2f32a92b8a,595b54fcd44a9b1180cb102b,9.0,36,20000,4.09,50
5abddcc030a7eb0beba353d5,582173d6797f2308a87626e7,5.65,5,5000,4.06,50
5e79a626daa3f125000815ad,5d454f4056a26067881bb903,3.0,3,100,3.4,50
5ec5e902610fbb0cb0ab6da2,5eb6598ec43e5c5ab9fd5a78,8.0,10,50,3.8,50
5e3bc68087e8cb10820b3161,5ae56280ddf45b183333ac45,5.74,59,1000,3.99,50
5ed1c059630f990d1d44592c,5a3231f2e62bbc45b0bda1dd,5.0,5,10,5.0,50
5525ebeb3056e817e9ccba1d,54af9c1428565a151043b6bf,8.0,7,20000,3.61,50
5d03bea61eff7835fb25338b,57713183bd6b18740117229d,3.67,4,10000,4.31,50
5b1f7d6c3c6b9b16c50a857c,59410b5a7c64942ee36dad7a,8.0,7,5000,3.69,50
5b909b94073c6b7adb985307,566012f6769a5629aefca555,11.0,10,1000,3.64,50
5eb2218fbeadef13bbcd71ad,578caf669035dc557db297c0,8.0,7,50,4.0,50
5c6275876c0cb22f5e6ba570,5b7ecbfa7956ef54b750df16,22.0,169,1000,3.38,50
5bcd4a045d689f171be1655b,566012f6769a5629aefca555,8.0,7,10000,3.7,50
5d0062d51eff785af2761c47,53df1a1046188e7ac043c6da,19.0,26,1000,3.01,40
5d05b9c3ffe84667e45db71e,5ad1f14d40626a47903fe9df,11.0,10,1000,3.67,50
5ce55cc2ebe4035d7fbeb4f8,586c683cc87b4c4f84b6b4de,6.0,6,1000,4.17,50
5b73bf7b7594b445df99384e,566a47bfe9fa8a31b3ef5141,7.0,56,5000,4.16,50
5cce7e4242b1b85f6d3e5fa6,5810bc6d61e38656e04e8ba2,7.0,6,10000,3.84,50
5e68654e4d9d67070047a61b,5d4e6ca57edfad27a90a6726,8.0,11,100,2.81,50
5e58c7425692c749b5631d44,5b9cc34eb226113590090c59,14.0,26,100,3.61,50
5e142dee04c3e579e89576a3,580c7d0a8b67fa197454a2d1,6.0,6,100,3.67,50
5ad1ac1b81260b40b40c6b2b,5a1a2758f3c1176a45e41544,11.0,12,5000,3.45,50
594c7f0082f9b070a355c94c,57c306d73a698c06f98ed450,6.0,21,5000,3.18,50
5ce3aefa37b2e67944a89146,58d109c5e3830f6bcb47e35d,7.0,47,5000,4.02,50
5ac31ba3a9cca9278bbf44d5,586dff6c16e4106b5e5feb58,6.0,76,10000,4.29,50
5d9d842eb20dc815d33f5749,5d3d59c772b0c92f4d1ea32d,7.0,16,10000,3.71,50
5e1bd84750f8cd462a20b05b,5a5c78ee9d0a7b724c6535fa,9.0,65,1000,3.7,50
5ec1e63f7abee20ab93c68f2,5eb51ed929e7865dc268a561,8.0,10,50,5.0,50
5e65d0ea5dc348884032a14e,5ac82ff62c49567ffa616535,11.0,84,100,3.61,50
54bdf18039b8c045f118936a,5417aada4ad3ab27e954b76c,8.0,7,100000,3.76,50
5c8783d4fc2f9d769aa1cc3e,5b8a5636af279f1699366496,18.0,17,10000,4.17,50
573db9316b335c34ca0513b8,56025ed8293a5b2d24779bde,11.0,30,10,5.0,50
5ee8875404718a4bba2d6348,5e3c5fbfe217d492138970c1,4.83,51,50,2.0,50
5ea5128b91b00685e5fe387d,5dcf512a97383300d357ad69,8.0,7,100,4.57,50
5d5bc86a32cc57482a4b9d5a,547d7e413b64451274068583,5.85,13,1000,3.16,50
5d0729b0f945bd59ac54b329,58b7d6dd3c18975a18817d64,11.0,10,100,3.96,50
5e54bf2ed1ef373d3ad6d1d9,5d7b761abd5aa37518970b8c,9.0,34,100,4.44,50
5a13ff501726782d8daed18e,582bd2fde18c0f0a402ba101,15.0,101,1000,3.91,50
5b1a56a219b6ee563e1edc39,5acecb61417cee2b9d27f88a,5.0,5,1000,4.06,50
5e9692898a10221b310986c9,5708773c3c02161b3f8c7900,8.0,7,100,3.52,50
5cada72d2d542d7a90cb4f2f,583e3e7a5022c71b82d1b18c,5.6899999999999995,5,5000,4.26,50
5b6696c5365562146825dd5f,5a5a074d87c25b39c7a80ef1,6.0,41,5000,4.1,50
5d5e5ca35cd08f2a40b53f48,556d68d19fb8ca1a0c4d82ee,11.0,89,100,3.77,50
5eeb1da8eeb02e10154792a6,5b39de95d3db323a3a775883,1.72,56,100,4.0,36
5cc5464bef87096336ab0583,57e90050b97437131f78c7d7,5.78,26,10000,3.84,50
5cda28715a88ef05656ef440,5ae90e716691361cdb40fb0b,11.0,10,5000,4.23,50
5cd22d97dd0c5b6415519101,56efff5017777d430c47b78e,12.0,11,1000,3.67,50
5cf5ccee75af880a5c947bcf,57a09a5649c29a34cf282715,8.0,42,1000,3.5,50
5eb95cc7802266bb4675b6d5,5d64f34f2736787d00ad93ec,1.89,2,100,3.46,50
5d11c1a359a267782799345b,546d44001280fa3ce1bf80fa,12.0,17,1000,4.21,50
5e12e142f1166c04c1948efb,5810c46f02b01e15f8a10e38,6.0,6,10000,3.6,50
5c84bd33d8694176615f7019,58106cfce516491e6e5f1e53,4.0,4,5000,4.28,50
5cf8d241b5db0b3d18364572,56680c90e363a3613607ea61,7.0,33,100,2.75,50
5e9e8c496f15e20742bd4172,550ab2be8e8def0b2c654d4b,8.0,7,100,3.9,50
5ea3b3944119761a2b014de7,582833faea77701b456c786a,5.0,5,100,4.5,50
5cd1cbb1b5d96721e0a6b346,558c2cdc89d53c4005ea2920,5.84,5,10000,3.45,50
587347296dd28e71b1c9d289,58579043e950f24d94f612dc,8.0,13,10000,3.99,50
535530635aefb0555ba4351f,530306fe34067e3f15c41d87,19.0,21,5000,4.09,50
5e3baa8d8f7db5003fb33026,5df71a34092d7302140be245,11.0,10,100,3.54,50
5e4a4b252ce2e5cac8cb6364,594ba69f2eac11550ec111a1,3.85,10,50,3.33,50
5e180dab29a9690a38a1748f,5b6ec2f2838d931d2fbf7a28,9.0,48,1000,4.01,50
5e8d70549f1504449514c8b9,5417aada4ad3ab27e954b76c,8.0,9,7,5.0,50
5d550011680f557c89bb4406,547465748edcfa6ceab14f70,11.0,10,1000,4.0,50
5dd4b6c20f11f57cf9ad97d8,59c8a909ae228e37ae159559,6.0,13,20000,3.85,50
53897eeeafddf70c91af1cda,53082ea15aefb07dfe1f2a4f,5.0,33,100000,3.98,50
5ea0f2a654446407c111b622,5b0b907d59206904541886cf,16.0,14,100,4.05,50
5ea913d8fde32e396ebfea19,5e1691b573bfb90406044928,13.0,11,100,3.91,50
5eb0db681c4b1c25486d2e7e,56498ab42a6bdb4474afa47b,9.0,34,100,3.14,50
5eb207e9beadef0479cd7271,5dbd7b090140ee044252ed12,7.0,6,100,3.64,50
5b42fbca85270064d13d6679,576cfeed007b536be4a9ae96,6.0,6,20000,3.96,50
5d15ae82502b2660ec498f59,5a7b23a69bda4e3d375e7b3f,8.0,7,10000,3.71,50
5ea3bfe9b95fdb06c2c5b88f,583138b06339b410ab9663ec,4.7,17,100,4.0,50
5c2f4fd85c994c42faf7c82b,59b88527b77173631729908e,4.0,4,10000,3.45,50
5cefa120731ea53346708575,578e02bec0e9340e993d13f4,8.0,7,5000,3.57,50
5e609a827dc79ebbd3899c0b,58d4832721ad9176d0d3d00f,16.0,59,1000,3.5,50
5e843aabcde5b602e21d1e83,5d3da852e4b65d3e801e9b5d,11.0,10,100,3.29,50
5c36df7cc86a911c10f32184,5b629265299c7e3db17cf86d,5.77,5,10000,3.85,50
594dcfd3346d4b7048be7495,56dce88d21396a16a47eff39,8.0,84,10000,4.19,50
5cece97854680c605d708db0,58a6f92596f1bb57c40b0d56,14.0,13,100,4.5,50
5e6b0d747962cf365c8085dc,5e50fecf18034a89e1aeede8,6.0,26,100,3.25,50
5ec3740fa7ed5d2fbc7460a5,5836e38728f25753fe6af6a8,13.0,11,100,4.0,50
5c3d7f9c4cd456252b1aaf7b,5639cd9bddb94f103070ef9f,11.0,50,20000,4.22,50
5cb0c8ce99b2203478a63abb,558c2cdc89d53c4005ea2920,4.0,4,5000,3.39,50
5b4706f2b0674e4982445092,5accdb3c1baafe6febd26cf3,5.77,16,1000,3.72,50
5c554a96f0a57768026f4891,598d8d1e2afd354f6ef9950d,9.0,50,20000,4.17,50
59a6a209d2bcb73a60589e00,57973560cb38dd77d126e9f1,11.0,16,10000,3.75,50
5d35305c24357406456ff507,5ae93337d204cc177313f242,9.0,22,1000,4.24,50
5eb639aaab882b0f466bf02e,583138b06339b410ab9663ec,5.8100000000000005,34,1000,3.54,50
5df1d9818b8232096b1f153b,5ae00dbf67d25c69bcf0251c,11.0,59,100,3.66,50
5dc3800976a1ec057a02a047,58b011e82e27bf506cee1ace,11.0,10,20000,3.69,50
5ced017c4e909a5584d1ff08,5a6166cbedd44230ea9c60dc,8.0,7,5000,3.53,50
591c6e86681f5f27332330ce,5705e40cfda6252c1a9db062,11.0,10,10000,3.65,50
5c975ab7ba7ed20eb805a242,5b160017daac45594728d9ba,6.0,6,5000,4.07,50
5a38f6e0fc8e5b063a250db6,58d20e95c7b73b52c9670c22,5.0,6,5000,4.07,50
5d16d575190e3f48ec7061ed,578793716b944637fa356bb4,6.0,6,5000,3.92,50
5acb0ab0a69e66115b133cec,564d8a9ac0f55a1276cd96f8,8.0,7,5000,4.02,50
5c935aa8778e8274b0bdcead,5915c592fc9cce7eb7312bd4,13.0,26,100,4.06,50
5e97fdc8a558b636a9f4b239,5986cc750ec30f4610ea07be,11.0,10,100,3.73,50
5eaa763d431fea1e04e210ea,56669d89eb4b14361d45090f,5.65,25,10000,3.65,50
592bc443f4fbb234d2e85852,53e442474497c57e900d7c64,8.0,16,10000,4.04,50
5cde56ea6bbbd86b1cbab4a8,5a698cef028bbd27227d3d12,3.0,3,100,4.29,50
5ea91e4d29b81241e1d43b27,5dda40561fead208515f98e2,8.0,7,50,3.88,50
5d1460e2aec1fd1f8cc82be5,582d5286168b54404ec5ecf2,13.0,14,10000,3.74,50
5ae5ad725194c9720b59d1d2,5902b4eab3e322098d3b41eb,11.0,88,5000,4.1,50
5e47d0ff641421625f0c94ca,5a9d135128a2b361c3491a1e,7.0,22,10,3.5,50
5cf73fa7b5db0b19a2c59bb2,585037af728de662411bd39a,5.0,5,5000,3.97,50
5cef78be3219e2346a96779e,5763e55cc6053f5e70522ad7,6.0,6,1000,3.84,50
5c9853b1d2430a5b7500f4b6,55c8a4c33a698c6010edcd9e,3.0,3,20000,4.12,50
5ccd5797cb8529092f1cace5,5832e5632f5e534c23488f06,12.0,26,5000,4.16,50
5c90908b8625751a972408f1,58a3db5e05b2f9716d029e30,11.0,10,100,3.09,50
5c107c373a0d72228ee96207,58da4490933abf52ad547200,8.0,118,10000,3.85,50
5e1eae0d2823cf0ad7d20358,57b17fcc4249277b5ad99206,6.0,6,100,3.07,50
5e53ed365c21a20c1bf9b8cb,5a0d2c3e68788b4400878642,9.0,57,1000,3.63,50
5e9810834500da4e8d0c2376,5bd29797d32ed5241007af46,8.0,7,1000,3.6,50
5ea27636bea0a409031ae82f,5b507899ab577736508a0782,5.0,5,100,5.0,50
5ed70273653d316c5a04335b,5eb50ff17041111c43033565,8.0,7,50,3.71,50
5bb6cfd4e0334021219d5d2f,58fdedf645f9b210f58c00cc,9.0,8,20000,3.94,50
5d3fa6df99a3f92b0a400e46,5533c83986ff95173dc017d0,8.0,7,10000,3.32,50
5edda5aeb7160e568443c6e7,5e5f6272d0e9af054214467e,4.8100000000000005,5,100,5.0,50
5eb658630aac0c435be0b210,5e3683005ba64b1957b798cc,14.0,104,100,3.44,50
5ef0ef11f30aba4e22166d4b,5d50fb2b1d9a8e23e3334c81,8.0,26,100,5.0,50
5e5cae2fa25ca51880cf47ef,5609de679b11090d3bafce69,7.0,81,100,3.57,50
5e93d87e2e87d8b154dd238e,56c2e30edf108f11548c6dcb,3.0,3,100,3.67,50
5c273b6f959812232228099c,5aec1dd2c96bb815b802df67,8.0,8,1000,3.63,50
5ec4bf87c2112615ba1c66d4,5eb5076129e786048168034d,8.0,10,100,3.5,50
5d156736078e6e75b5404077,593aa1956a74d26d7914a7e4,12.0,11,5000,3.34,50
5de8c7d46beed03182792ce7,5d415665838897104cf4003d,11.0,22,100,2.71,50
5ebf9b2a6e0bd84bbf5edb18,58ff6866e17bc0302f540b50,8.0,7,100,3.0,50
5c6782e351aa00744af69565,596d9a4937635d7622a6c7f6,8.0,7,100,4.39,50
5d688e832a3d8d5ba95c15c1,5d4e91681d9a8e1fcc2fefba,6.0,30,1000,3.53,50
5ccd4ae4400cf976a05bea6e,5ba08911269570054ba2b669,11.0,26,100,4.25,50
5d832e8bdfe9c5124cb98bd2,583beacf24b24f1b805ff7a2,8.0,7,100,3.86,50
5c8a111f4caa1626abc98d55,5514d13ce87fd21cf12f9d0b,8.0,7,1000,3.58,50
5aa37d856d638a7ee5469a6c,5406c9c77f086e1be430d73e,9.0,9,10000,3.74,50
5e90074a5dd4013b350b81e4,569f3031b3d90139e3c5a407,14.0,12,10,5.0,50
5c89fb9f548adf55f587bb22,5837b0dc751d4d1b6e319c73,13.0,11,5000,3.88,50
5e65f92959cd5fc3e2ebf080,55ed4e573a698c3a9daa8b2b,4.84,5,100,4.09,50
5c10aebf9b427b638743a490,58c2318d3f49634886892d7c,5.0,5,1000,4.11,50
5d5bdbeb59a0f0065186c860,5950dd272eac1127e00c4883,14.0,89,5000,3.43,50
5ebb6e21224e2e1e5929be1a,5b767f37f54e4f1434671cc8,3.0,60,100,3.57,50
5d332bbdc15e48119789c2ae,584c23fbef56286074d2c9a6,7.0,6,10000,3.35,50
5b07f4f16e42c03e6eb4b1f6,58ad356108de0c6dc39d979d,5.0,5,50000,3.93,50
5d26a954b93be477634336ab,582c712cae088637843348a5,9.0,8,100,4.07,50
5d0c8e125adf55596cf111bd,5cb636dda7173671aedef051,9.0,8,1000,4.22,50
5df58b3dfcc85c5bf78552eb,5d3bc9f8e13a7e654424a4cb,8.0,11,1000,4.13,50
5ed8983fb83b7828822ad26a,567bad8582c35f28103e5813,11.0,10,2,2.0,50
5b238ab1ddaa9221a9b9249c,54f804901c36ca266909d090,19.0,17,5000,3.77,50
584e5c5190e8175031339254,56f0f2bdc3c3715871ade946,8.0,25,10000,3.65,50
5b133d8edfd6302a48963642,5acdb384ccf0c86f34c5d539,7.0,6,10000,3.91,50
5e59d0872190531f19135384,585037af728de662411bd39a,12.0,11,5000,3.11,50
5cd8e61e943cd76a7c2d0be0,58fde9517c09181253b0ef86,7.0,6,1000,3.19,50
5c30694985fe9b55be100665,5b6935c0a1fdaa1dba5a4cd4,8.0,17,1000,3.93,50
5eccb8aa18e87d64f13e012c,58a99ceca65ebc504a6ebf1e,8.0,7,10,5.0,50
5b0cb6869019fa04b1e83f3f,58be502223167e61443f4d92,11.0,10,20000,4.32,1
5ebfdd5bebac37702b0b207b,5d4b8931933fb13f8a1fe232,11.0,30,1,5.0,50
5ea914e163d59930cccc879c,5e61e5580705ac039c94c08f,3.7,47,100,3.18,50
5b5c11f425298226bf0cfad6,597767f6171974220c25560a,14.0,12,5000,3.75,50
5ac31900e114ef38d7fb09dc,55542b4b662da7114d591723,11.0,10,5000,4.26,50
5cf611aee7e9e650150d59f9,5b420ce3d9b2a4418b74ae31,18.0,16,1000,3.63,50
56a88f23e726b165ec424c94,53a2a09ad91139519161a267,12.0,118,20000,4.29,50
5df202bb707508021388614a,55cc4e1d845591103477a561,14.0,43,1000,4.05,50
5ea90d795a7b8a3ab73de10d,5b29ff427752c84390ed6ecf,8.0,75,50,4.33,50
5e75b2e213e56742f2907368,5d52278327752b029793c927,1.77,2,10000,4.03,50
5b03c5328b3f0e17fcf0faf1,5ae6dab8b125ab6825502d06,3.73,9,5000,4.14,50
5e8eb0f1ac17f03b1d4c585d,57b03628c676b3573ba2a081,8.0,22,100,3.92,50
5b88da661a62df412262441f,5a17b55d1f4d8c4f0b44b0ce,18.0,27,5000,4.09,50
5ebbd192c1b69c3de34286cc,558c2cdc89d53c4005ea2920,4.0,4,100,4.07,50
5c40402ec4dae35993974402,5b6bb9c8dd0d902d18928318,5.68,7,10000,3.89,50
5edf3082e066d71501a40c73,583da4b58108913e6c79a32e,1.75,6,50,3.0,50
5e670a1bfdfc802659966971,5d44cb7ea5f07b2d00607909,14.0,84,100,4.13,50
5e8c22c6e4ca5f4a4e5b2bbe,5952a218e81e8a4c30b5bbbc,8.0,7,1000,2.75,50
5b0927944d25b81c6083a63f,55cc3e5f845591103477a2f8,6.0,9,10000,4.04,50
5e943811e6cd6f1680c64414,5b1522ab7b94e12ee3d455c9,5.89,5,5000,3.25,50
5cabfcdc32227053f6254ee6,5abf36d540626a753e8fc18a,5.0,5,1000,3.77,50
586f25ca9365e96fd0d1c09f,5860c757b1e41d4d67d183e8,2.71,3,20000,4.03,50
5ed3bc0f48c418059f206943,5d58d3b433f0b4349bbe941f,11.0,10,100,5.0,50
5e1e7173813e9901fe03beb9,56455b13b15aab129db58cb7,16.0,14,100,4.1,50
5cee1ddd050d347f75e6668e,57fc688ffcd3bb1955cb6f31,7.0,26,5000,4.01,50
5ed9de39b6befd33de8dd908,5d5a520c560eca48d7f140eb,4.0,4,50,1.0,50
5e69cad1c01db73c10b938e7,58fdedf645f9b210f58c00cc,6.0,6,100,3.13,50
5ec48b4f504db2c516aad131,5df1cd2ecce7510b506fdba5,8.0,17,10,5.0,50
5e8d7de13fe07502b8f48c70,571b38e66c39b141b1ad43e1,4.0,4,100,4.24,50
5b1b4f77b1e26e24b3058773,5b14bc7ddaac4575492a01c5,11.0,20,10000,3.92,50
5e1441859fe5367b00bb3b54,5ae296b6cd968d66be12d247,12.0,59,5000,3.47,50
5d410e4a11512c51311ad3d3,5aa78a0c75599a5bd049d682,11.0,11,1000,2.99,50
5e3e69f009a91d0893974dab,5939085087117919c6f12a77,1.91,2,10000,4.05,50
56553387a03eee0826acb151,544867549719cd33de1048d5,5.7,58,50000,3.45,50
5cc2af5ba1aa1959ad4341b8,561921dd9342a274cb448c07,8.0,17,5000,4.47,50
5d68bd0b1b88a17f1aebbc8b,582b156ff6872e749e4d1ad4,9.0,8,1000,3.58,50
5eafa3137a265f22445c1482,5d5e064b560eca4814b2bb74,5.72,9,100,2.5,50
5eb38309fa6f111ca122bed4,56ab21890d8dad10e044b9ec,2.0,10,100,3.2,50
5cf0ee81f1dc9f714cd38255,56cd7070df108f481ff3e00e,9.0,9,1000,4.16,50
5ec49a2f9b4280aee762a72d,5aae608bdb5f1f42a93eaaed,15.0,13,10,4.0,50
5e98015614b1cf44d90910da,5e748f2484068a0289ab6f9f,20.0,17,50,4.17,50
5cda82293eec43037143a061,5ae29b4e1baafe7c0109c5ae,6.0,9,1000,3.67,50
5db3bb3bede8100679c50fb7,56c6a33fabb774437118cd63,3.0,3,1000,3.08,50
5ba4f816c1a38516a0cb12d9,5826f19f20a9402c37313979,9.0,10,10000,4.15,50
5c6bb167314806702b1b55ca,58d109c5e3830f6bcb47e35d,8.0,8,10000,3.98,50
5ea67bbe87683f3ad5bc83f3,5e8c98966642021100f8db13,12.0,75,100,2.82,50
5ec23bea8bef5b2d1d994b95,58cfdefdacb37b556efdff7c,11.0,13,100,3.8,50
5e95381c6072db2941108f3f,55ed4e573a698c3a9daa8b2b,9.0,22,100,3.3,50
5d19cb1bf558224b10ed6352,58778fdcdfa6bc28858f3422,7.0,6,1000,4.33,50
5e59c5f9bd11e71903d79ec3,5adef67640626a4b409b8e94,5.92,9,100,3.71,50
5b17b34f5272053200439a7a,57a155a4b63950286426744f,8.0,48,1000,4.34,50
5d1060d39ed281190dfcec91,593402ae25c4f54ed4e0abdf,11.0,134,100,3.54,50
5d14546bf5eab044136b2540,5770ca6694fc5029d02c368a,8.0,7,10000,3.62,50
563707b0e5be09157176fe80,53a2a09ad91139519161a267,15.0,115,50000,3.94,50
5d00c646e1fe9971cb8aeb9a,5acaf29d5ebcfd72403106a8,8.0,7,20000,3.59,50
5e6881d5e045550e433acc50,5acaf29d5ebcfd72403106a8,1.68,2,1000,3.95,50
5ac1d7201a8c21778e2a2482,59c25e6a30e1f368ea189232,24.0,59,1000,4.21,50
5e60961c7ba7dc614091b57f,5673acd9c1a80060fb201026,5.65,26,100,3.67,50
5e9ee02987ac3b0f75279756,5e8ad4c829e7860d8e20b40c,13.0,11,100,4.35,50
5dc935a53c6ea501005741ce,583658e928f25754106ae102,16.0,106,100,4.07,50
5e9932cab3eafb25c00ba79f,5aab3c8ea6bf7a704caec65c,5.83,5,100,4.36,50
5ca219bb68678434f74cc82a,583547f417dc6224cb464117,7.0,7,5000,3.32,50
5b0e75f106c2bc706f82561e,54236fbbf6d29616559514c9,8.0,27,5000,3.98,50
5c3ee10631d4665298c01dec,5641e263906c9c12737e6725,5.65,9,5000,4.23,50
5e46bea2659a6838000f1255,53e98c6446188e1d4d3a38bd,1.8,2,1000,3.68,50
5ea8cfb44e671a04ca0e5b79,577f79f928d95d5777eac030,7.0,6,100,3.0,50
5ce25f6abcd1323e12e5da97,5829d1ca96db262f04db2063,9.0,108,1000,4.06,50
5df9c78eb66d8b0afed110c4,5d464f4a56a26046dd1bb8a4,12.0,11,1000,3.49,50
5e16bfe7dbbd26008904fe6e,5d462e58f320403871a78593,8.0,7,1000,3.84,50
5e93d2215a3eed0c80ed2e56,5495976a40b3782bc8b3654a,11.0,10,1000,3.74,50
5c984d7e082de24a302cc559,559d33adc605853731afbf10,8.0,7,10000,3.54,50
5ed6032d69876d3e38e34bcc,5d40ffe372b0c94d00f6c1f0,7.0,6,100,4.0,50
5e686ca2d57c632500ba6543,55d18ce6183a5d103f970011,6.0,13,1000,3.51,50
5e7dcf204fb94d0505f3af99,5b80fee2008a3e2f6ec81563,6.0,22,1000,4.19,50
5d2eb8028c9c606b3e2f99cc,5541ba455252290c0b225b1f,13.0,25,100,3.42,50
5c6e63c954bd610ed2bebe4f,5a031e9c9aee09542077d074,7.0,50,1000,4.08,50
5e661829f862cad5bb9a224f,593fcbd5ff3e807d6a8485ff,13.0,11,1000,3.5,50
5ea7e2d9d113700dcbc76b82,5e5cb2f077179e1ac07004a2,12.0,14,50,3.88,50
5d0c79efd805290e2ab8d712,58475ecf5eee8869e4ad9a07,5.71,13,1000,4.23,50
5e799a568b59163b8a9d2c21,54869cf344a28275e008fb00,11.0,51,100,3.0,50
5ac085a66d638a3b2bc434d5,56d813f66d64ff168ab1bfac,3.79,49,20000,3.93,50
5ec5e362dfb6fa1a150123b5,5eb4be68dda5360c58501b42,8.0,10,100,3.39,50
590c2cf4ff4b3e7b335e6a7e,5860c757b1e41d4d67d183e8,2.0,3,20000,4.09,50
5db3eae4119b010a435fa932,584ae0173961b64ca9b426b1,6.0,22,1000,3.74,50
5ed1d078d8841a194fb87630,5eb91502c48732293d0a8e08,6.0,6,50,4.2,50
5eaf98de05a9b4014db48b90,5832e5632f5e534c23488f06,13.0,11,100,3.75,50
5e39049345452705aa173fda,565c1b173a698c769e2be15d,8.0,25,1000,4.25,50
5f01c514792d0b94d29d0cb6,5dab9ece69ce753090f6735c,7.0,6,100,5.0,50
5d2d750dc7bd0127fe8cc50e,5ad4325e9bda4e08bf7fd188,11.0,10,5000,4.05,50
5af40bb2f281cb017ec17012,5440e3d7f8abc82cbd97b19c,11.0,152,1000,3.91,50
5c9450f3dd30f5586dfa47f0,5406c9c77f086e1be430d73e,8.0,7,5000,3.8,50
5df77ce97ad7980a900781e0,56fba259138ef73c2a749a56,1.65,2,1000,3.67,50
5e5cb06e8ac7c478f8cc2cb5,5b52ea49b56d05463d973207,8.0,22,10000,3.7,50
5b629b6da70ab967b5402657,597eda458696be7dab480a44,12.0,11,1000,3.76,50
5c8622c240fb5753d489ae2e,577fb2b368116418674befd9,9.0,8,10000,3.84,50
5c3444e69740a97bc41bdb5e,55c8029641d799421d41fe3a,8.0,7,20000,3.33,50
5ea79fc6579d081c80f57b08,5e8d923d20c9b7545017f1f9,11.0,50,100,3.0,50
5d24618d5b4a6c625d6e931a,57b1288be4830507cc9f586a,11.0,10,1000,4.29,50
5dd624d86c7b2c9de52362af,5ad6ddb822fad74c8ed3fa3a,9.0,8,5000,3.75,50
5dd39d1da55d5466dc560252,5829d1ca96db262f04db2063,7.0,13,10000,3.12,50
5cd3e833034a3c2ceeed0ba9,5860c757b1e41d4d67d183e8,6.0,6,100,3.93,50
5e3684770ee1810ee4160d27,5aea8f2ccac3c5238de1a99c,7.0,14,100,4.24,50
5a211e5fb2f70e3fded9ea3e,53e03f56ff4d6d36d2285ab0,11.0,106,20000,3.92,50
5d0214aff779d1671ecff865,5b66b2f303523d3caa84aed5,11.0,85,1000,4.08,50
5947a7f69009d76370a4cd97,58748c070e230b22a1ab5bc2,7.0,6,1000,4.12,50
5d0b42183ae5dc63a3a94efe,575a9d8d6813ab5ceeb09521,8.0,72,1000,4.01,50
5a4ef583061be948d524c8e8,59cc8ef5776ab943e535b888,15.0,13,5000,3.95,50
5e70ba09e3d51e1002f7cf8e,59815a929fbc512d72137ba5,9.0,46,100,4.86,30
5b039ca98d537915d3dd0071,5780c6b2e8aa893157a3286f,7.0,6,10000,4.41,50
5ed89213b14bb80600d2468a,5c7dee45a0e257512a5dd7f0,11.0,10,100,3.08,50
5ebcdff977dea63a3bbc4e5d,5eba4507ad610e0589cab8c3,6.0,10,1000,3.0,50
5ec5ef713c5b5f21ae984f89,5eba4bab58ed6ba265685ba1,8.0,10,100,4.07,50
5ecc8472fe429946b009900e,5b47ffa01e5bc91f3eea4f1f,2.0,2,100,2.92,50
5d2c36f4010ae87eef758d55,5ae93337d204cc177313f242,8.0,13,100,4.04,50
5e573e6360f35b2661fff9dc,55e51e53c9f8235d17759948,22.0,159,1000,4.04,50
59438e8f609fe23d637ddf41,5860cf7b0929fc4d76180aed,11.0,10,1000,3.89,50
5e9141ec67b78030f67d01f8,571b38e66c39b141b1ad43e1,6.0,6,1000,3.73,50
58e6e016b5b91e192b207346,58216982dd9916453fe2d1a1,6.0,38,5000,4.22,50
5e5b7192cf4480c25cbc626c,55dc2bf3b92a5941ebd4ecf2,9.0,50,100,3.84,50
5cc40501e824b607860ec588,5926c5ace8ff5525241b368d,12.0,11,20000,3.64,50
5abb034f5e2ae16763047591,59c0e0168696be51cef38e93,6.0,6,20000,3.71,50
5b035ff3bc3b6a7a3e91811b,5406cabdc5c2464980dc6314,9.0,33,5000,3.81,50
5e97f85b737a610159cf5efa,58d12c00b9d9d6505a44c4e6,18.0,47,100,4.62,50
5d6e5c9b045a156519de6483,5ba8dffeb2f5b12221c73576,11.0,108,5000,2.95,50
5cb541909a4d0e69ecb34301,583edf165022c71b82d1d6c7,13.0,13,1000,3.7,50
58f5ebbc9895db01c700c615,576bbb443a698c085103c010,11.0,38,20000,3.66,50
5d9077c6e6119333db096ce2,544e3da38edcfa4c456f6181,11.0,10,1000,4.09,50
5b126e3ef1fce6262041d8b3,590189980094b829518713b8,11.0,10,100,4.14,50
5e86c978d4bc413d5735e5ea,55f7c64b3a698c4749f3bccf,9.0,34,50,5.0,50
5dd900306a7d4f0c672f6e30,5810aa5bde5bf01b645c909e,2.83,3,20000,3.62,50
5bac96d54b784e1e83636983,5b658cbebc3b221445ba1440,7.0,159,5000,3.39,50
5c9b2bded2430a1d4535ed64,5bdbb9048a83b5678f43462b,15.0,28,100,3.23,50
5cf66417936ead236e2015d1,59538508e81e8a67610d9c8b,14.0,68,5000,3.44,50
5ea7e2d949b52108c6560c5b,5e5cb2f077179e1ac07004a2,12.0,14,10,5.0,50
5e951ed83843b713841430e1,5e675a4b48763f1940d6ab3b,16.0,22,100,3.15,50
5abb107507c7b470f5efc3cf,5684eae9daaaee26a0fdadba,8.0,42,1000,3.95,50
554b114fff561a1235152554,5448701f90c77609a237f99f,12.0,13,10000,3.56,50
5a755aca35ca8610fb54bfc3,5a54add17dee4a20b31ef567,11.0,76,1000,4.1,50
5cb14fc53632e85803d4e328,58d9f311fe9cae52ce0213ec,11.0,14,1000,3.93,50
5b977f816c03331992548158,5ad02d61ccf0c866db06b8c9,5.6899999999999995,5,5000,3.61,50
5e9d34befcc85c593db92d5c,56c6a33fabb774437118cd63,12.0,11,100,3.28,50
552f840fcea30816e52aabcf,52bd3ddb34067e4620a4c62d,7.0,13,50000,3.35,50
5c4a036b77c75a26fc78fb02,5bd0a13aa8f4bb2739445be4,5.66,5,10000,4.29,50
569de6363e68eb0d85e0cded,53facca81c105e3d5866e212,8.0,7,20000,3.39,50
5cb3f6030aa3a43bd26d5af9,557ed5b886d66519ff242099,5.0,5,10000,3.88,50
5b2b24dd7fc4eb3f593dac62,5b235f8ad1c3603c027fdcda,14.0,13,5000,4.16,50
5cc01186416a307424603aba,583512a3b63b3b249b0acc46,6.0,47,1000,4.28,50
574eaac76283f860b772ba47,570d017b1b4ca758e18e407d,8.0,7,10000,4.02,50
5cc40a4d1d09f56e4fafa12e,58d3828699637874f89eb45a,11.0,21,1000,4.08,50
5d8d8f2e0c400f2f97671e30,5268759b736046671957190c,1.85,11,100,3.9,50
57f70798531e39192c0db8e6,5495976a40b3782bc8b3654a,9.0,8,5000,3.61,50
5e142bd2ffb8db76f604cfc7,5d4b891183889735374d3c88,8.0,56,10000,3.59,50
587dc542c334b3508f79d68b,5860c757b1e41d4d67d183e8,3.0,3,50000,3.81,50
594b8b92a8834639b6a09295,569f632ed5f0840dda331a97,6.0,17,5000,3.9,50
5ec899f21043f127b20955af,58008d25047bed1ad1940bff,3.86,6,50,4.0,50
5ad714f9c4791873311ac156,5860cf7b0929fc4d76180aed,9.0,8,5000,4.03,50
5cc2c7e11f6e1263c6169d59,5b08f027c2586968afffb44f,11.0,17,1000,3.62,50
56ab07ee59a6820f0a29f468,55769de4fa0be7249554bce2,8.0,7,20000,3.95,50
5b6021aee07ac6197df2d097,591c4e7f1a071f13df7a63ff,8.0,140,10000,4.17,50
5e9dad8cbc19c300417e1733,5e71bc2ff2bef60050bd3a86,11.0,168,10,3.33,50
5eb4e78900cf4a1f5b5d0fe1,55f7c64b3a698c4749f3bccf,8.0,7,100,2.0,50
5e9587727e435f174603150e,56c94ae6df108f5af83b1e0f,2.0,8,50,3.88,50
5e4501ec336e3e324049e199,5d51381f933fb16c06bb9d71,5.66,5,100,3.41,50
5eb3a12911440f2634f0dbb3,5aed66b2f0b75f35a1bd6615,9.0,8,100,4.1,50
5caeb60f046e927ba20e27eb,5ac1db0a1c256d3bd25188f4,8.0,9,100,4.08,50
5c9f318958417d39264a7878,58c921126c30436b692b1ead,9.0,8,1000,3.78,50
5e9d28099fb1a6c87938eb06,565c13ad389b9b2df29caa32,2.76,17,1000,4.33,50
5e12c01191235958ecdd6285,56fba259138ef73c2a749a56,3.83,4,100,3.57,50
5adf04b7f3bcca2a870d2104,5acc6cc0c3911a32ad141f60,7.0,9,10000,4.47,50
5c3c203632a6a40bc2a9c5d9,5639cd9bddb94f103070ef9f,6.0,43,1000,3.46,50
5d5a4895a5d03a4088690b06,5ae90e716691361cdb40fb0b,8.0,21,100,4.06,50
5e9544e52c07571a03ec85a8,56d572b08ec6660796b65705,8.0,9,1000,4.16,50
5edf07e70b313014b48a7450,577fb2b368116418674befd9,2.66,3,100,2.67,50
5763e16461221c639c5ec734,53facca81c105e3d5866e212,8.0,85,20000,3.37,50
5da95c1665eaf90d411b3bd0,56cc2ea09879a4136344cf49,8.0,7,1000,3.55,50
5a6f52aef718e05afa275acd,53e4bb20ff4d6d1b68bdb6d1,3.67,9,5000,3.32,50
53c8f05046188e57778ac77c,53aa664438d3046ee44a5024,12.0,81,20000,4.08,50
5942193c9b78fd772abfc706,53208a086fa88c662a693514,13.0,11,20000,4.06,50
5cd5116066c86729ee53cc1e,57adc71ab0960b039817e137,9.0,8,5000,3.89,50
5eb8f74fad8d1085b5bac034,5e72dc545021d6138b405bdc,9.0,85,50,4.63,50
5e687ba49f25130c8ef07f36,5d5abf5b33f0b44411c05032,8.0,7,100,3.38,50
5ad8a6fda7d4844b7e6d9e5e,5620c3b23a698c4bc7d17e8c,12.0,11,10000,4.14,50
5e79a719493d722c8e4fcd4d,583d245d0d44637eb04d1c8f,5.0,75,100,3.8,50
5c932eafa1a838592a672364,56db028b3a9cb801c374b3c6,6.0,6,5000,4.27,50
5c3c4a7f97fd8d386bae82f2,545c2b1790c776172b72d5ab,14.0,12,1000,3.7,50
5afbce54b0708d5b7ca09377,57fde031235aaa1926afe803,8.0,7,5000,4.34,50
5a925ede414de21cb29cba9e,55af776cc982de2775ba26d2,8.0,59,20000,4.03,50
56f640b461d6cf68cb5c5d83,542a670d4f66d92eba599455,8.0,7,20000,3.41,50
5656be5c8f5f02126fd6babc,5384613a796f680f9d78a127,18.0,16,20000,4.23,50
5e9ff9f8627b2e2e6531fb85,5b13817f0128754174259044,3.93,24,100,3.54,50
5e96a75c5ccddf1c40dfcb9d,58311e2257e86a1b8863f74c,11.0,10,100,3.12,50
5cd93efe5ea312479d7b1400,56e43d9e3a698c3826a5feff,8.0,7,1000,4.37,50
5ed0b14ac170044ba20d1b17,5788dc8d88eb7a2e8a04b1b2,11.0,59,100,4.33,50
5f03643cc00703c46d6745f0,5e70afae21861a90a4e6b7f0,12.0,11,100,5.0,50
5db12c316a6f680a03dba43d,583da4b58108913e6c79a32e,11.0,10,100,3.56,50
5cbdabea787e5828c3059a6c,5ae2d62f2c49564f1df9bbd1,11.0,10,100,3.96,50
5ed9af39e06ea614ef1afb59,5e4f6a3a29e786346774bcce,3.0,3,50,4.25,50
5d7886997bf8ef73a437287a,56c55a76cce1893c1b8a1716,5.0,8,5000,3.51,50
5eb24e953a4167257cc30700,5b29ff427752c84390ed6ecf,9.0,43,1000,4.74,50
5e06d16908979a191fe33031,57baf75f63834218e305e4f4,8.0,7,1000,3.61,50
5578fe96893ec31c0ad635e6,556fc80f95528719e004fe8b,9.0,8,20000,3.88,50
5809ab4aa964b43cbe7b19ef,57864d704d669274929898fb,11.0,10,20000,3.73,50
591c1155b9317f274dbaac86,570b68b9e902df590e48d196,11.0,84,20000,3.53,50
5b04d636306ac3182e2481f9,58b81d56e3f66d59b36812ac,7.0,6,10000,4.34,50
5ecb610b60d793319e3a06a0,5810aa5bde5bf01b645c909e,3.93,4,100,4.4,50
5cc7b4c98b94871ee33b33b6,5acaf29d5ebcfd72403106a8,7.0,6,100,3.67,50
5ecb7e7bdc30f61965688c68,5eb6598ec43e5c5ab9fd5a78,8.0,7,100,4.0,50
5eb252858a2fcf27fbd81ece,5e4f81dc968c88593150e98e,3.7,9,10,2.25,50
5c72abadba08b264e3aebb9a,582ff94e0d44631042fe7c41,8.0,7,1000,4.11,50
5e8dfd148e760f97b76f09a5,5e50e6b968f8f90ec04531bf,3.94,8,100,3.9,50
5ce21d4c033389325d443022,5aad329608a224392d805720,15.0,13,1000,4.41,50
5d4fb2a715168b6ba86ad354,5926c5ace8ff5525241b368d,5.0,5,1000,3.74,50
5e8ebf2eac17f043654c58d7,583141fbfef4094e51453d9b,4.67,4,100,2.88,50
5d67944867b2c57d6f358338,5d3da852e4b65d3e801e9b5d,11.0,10,100,3.29,50
5d0097b7e372cc63e0376a4c,5810bc6d61e38656e04e8ba2,5.9,5,5000,3.26,50
5b21200c62ecd114b51a00f4,58160e10f870301b4bff64fc,9.0,8,5000,3.65,50
5de220d892bf939443e0eaf6,57ee5f0025e7c00ffe3f000c,16.0,18,100,3.88,50
5c89b88e9a4d0e31e7532778,5b2604207b94e16c00375350,6.0,6,10000,4.34,50
59636dbdc657d57012e8b3f3,595f3d28ce4e69232af53c32,16.0,26,1000,3.67,50
5e54d231288c854858653a3c,5938e6a17fe241506f93503b,3.76,4,1000,3.34,50
5ac302716931da0d71398f53,5950d54a4b913a1174a7ae6d,8.0,30,1000,4.01,50
5eaa6e36fa62c322bb57f78d,5dd790db4cc6678b7441ba5d,11.0,10,100,3.13,50
5ed49e6cbddbc879074ce8db,58402f95e24c5b06c6dccd35,8.0,7,100,3.33,50
5c19e627b5d6eb585a98b1e7,5836e38728f25753fe6af6a8,12.0,11,1000,4.05,50
5d10313c6903be601a68191d,564d8a9ac0f55a1276cd96f8,8.0,9,5000,4.07,50
5ea7a6f6191e142dee990e0f,580595bda46fa31f93d83357,11.0,10,100,3.32,50
5cba00c59cff0a2ef7bb8df3,558c2cdc89d53c4005ea2920,5.0,5,10000,3.94,50
5d0243123ae5dc7393474e4d,53e03f56ff4d6d36d2285ab0,5.0,76,1000,3.77,50
5e60cf863cc066db7c05eeba,5d46751876befe56001de246,7.0,6,1000,3.8,50
5c5fce98075d674a6acc7b84,563a19d1f75382101530dc15,8.0,7,5000,4.02,50
5ee4389b9d2ddf161dcb50c7,56a9df1b3a698c526f769805,15.0,15,3,5.0,50
5c95ca01202e6b700d5c5ee4,59f868d0eea5c51c2167d097,7.0,6,100,4.15,50
5a98b8cd414de27e9ef44d4a,53a2a09ad91139519161a267,13.0,68,5000,3.97,50
5e0ac4a79691cb6cc1fa7323,5ae29b4e1baafe7c0109c5ae,9.0,59,100,3.69,50
5e1847af3336f40fccedf031,5a9e3a01ccf0c80c2d372870,5.0,5,100,3.0,50
5cf22f0724fe055ca684c3a7,58131ddf6f55296033923a7c,14.0,93,1000,4.24,50
5ccbd380b8ceed67d64eb36e,5addba5481260b1ddfffe5a3,7.0,16,10000,3.94,50
5c25a5209e480d5fa87c638a,58ffff331a1cef16a78c78f4,13.0,84,10000,4.07,50
5ea252f345b33212c1012e5e,5abb2cf26be8733b5bf6844f,2.0,6,1000,4.03,50
5cfdc9eaa9b0806c2f9aca41,5abb2cf26be8733b5bf6844f,4.73,7,100,4.4,50
57d25f8877ba9b045e02cd12,57875ba40cb30d38ba46f57d,11.0,37,20000,3.42,50
5b220a09415f47162c1c155e,540ec1f21d2d431f2d4b5cb6,8.0,122,5000,4.0,50
5a991e9dd236a537f1473439,58216982dd9916453fe2d1a1,4.74,20,5000,4.05,50
5c9209128f5ca95fc2c046bd,584a9e7421390e4cb68dec18,8.0,7,10000,3.28,50
5ecb7f7dc76c3c99918909f0,5eb50ff17041111c43033565,8.0,7,100,3.83,50
5d197f6647e7d46f98d78309,5498115d653d5121ae5409c9,8.0,30,100,3.47,50
5e902948fac97a32c1e5e38e,5963882dd9b42511248ca27d,5.95,6,100,3.21,50
5edf2bba26a6cf0388a44aad,58e4a53ce070a80f9180685a,3.65,9,100,3.38,50
5ccfcecb9abadb59845c93c8,564d8a9ac0f55a1276cd96f8,2.81,3,5000,3.91,50
5ab5c9b75194c936ddbdd8e7,58a6971e0e16e97a6636a1b8,4.66,5,10000,4.28,50
5eba2544300b031bc24ff8f6,57086fd7fa6bee434d0e5852,5.0,16,1000,4.23,50
5e37c1ea08b64727ff894b5d,5831ae002f5e534c0a485f06,13.0,11,1000,3.53,50
5c340c2b31825e42ca62d69a,583e7f658108913bced6f8cf,8.0,7,5000,4.3,50
5ea11f79e2a3123494955d83,5667c747eb4b140fe963ba77,8.0,85,100,3.5,50
5df49c4732950d0102838a00,56455b13b15aab129db58cb7,7.0,6,100,4.07,50
5abcce430de05539f33c17a2,59a54d5eae228e4f11e9c5e0,12.0,11,1000,3.37,50
5e913f130d3e282f24260292,582833faea77701b456c786a,5.0,5,1000,3.68,50
5e707d59ad58d64d89a54409,5e6910549145adc9f7972fac,13.0,33,1000,3.88,50
588392e43d29014fabb85dad,565973368f5f027e14060846,14.0,75,10000,4.15,50
5ad95b9007c7b46572687a5d,556d0dc2c00cd721cce30dd1,7.0,6,10000,3.48,50
5af8fc1aa708c4241d0cf8a3,5acf2091cd968d299afe79a3,6.0,6,20000,3.74,50
59d5d6a6765fdd2dc2d6ed2a,58f6f47891a95f10f0c54b8c,8.0,7,5000,4.1,50
5e44564413b8939de2f0a0f8,52838e612dcc6469fa2d7104,5.0,30,100,3.69,50
5eb4dccc8fb578171beef0ad,57c4dd2ce2a1b61c74c4265a,5.65,33,10,5.0,50
5ebe625c3cdb6c40b7b9231e,58d8e8ebd929c652b9c04c05,3.76,7,50,3.5,50
5e7e0c35e27371898f419f5d,5742c706d75bc459506b80f1,7.0,6,100,4.57,50
5d0c8dd26404871188ddf01d,5cb636dda7173671aedef051,4.67,4,10000,4.28,50
5ed9df5dd6223e34697f9024,57885a8c090d40723d2105e3,2.8,3,100,3.17,50
5ef9a1091df14e8f41dca4fa,5d5008cb1d9a8e750032d31b,16.0,25,10,4.5,50
5ce69880afab7162455321fe,5b083a8b7e43f23f2e16cbd6,9.0,17,100,3.63,50
5926a32e5b3cde33d7993689,585f9ac5d7d14e4d51c16d4e,7.0,9,5000,3.83,50
5e8436c3c510a227405a1f1b,5b722effbfb77d14812b8c2c,16.0,14,100,4.0,50
5a93ab421c6def23e6f0c878,5a14dbb27dee4a2da907bddb,9.0,34,50,4.0,50
5eb3aec324c46f21c224b844,5a17bb048cf0ed37ca9e18bc,3.0,26,100,2.0,50
5c61232151aa0072bb647739,55542b4b662da7114d591723,6.0,6,5000,3.83,50
5c6512e25d38b721f29d4cb1,54922e98223ebf6980220266,12.0,72,1000,3.93,50
5e9d476c03df0b35e16bc678,5aacd6c1ccf0c83e5a6f3de0,6.0,34,100,3.8,50
5dc3b1f9896ffb0bdbd02d76,5d55015e3cc46d5c40a15c19,9.0,19,5000,3.97,50
5db8fcb8805c6a02fb6dcc29,55cc4e1d845591103477a561,9.0,26,20000,3.6,50
5e9570e2d4af000dc41b1a9a,58259c456ebae74739ecfdc8,5.0,5,100,3.06,50
5dbfe72d66169243db6635df,596b4085d4cc34162e778769,16.0,84,100,3.41,50
5af406469be1de3b00f73128,53db691bd911395c8b2f92be,11.0,14,20000,3.76,50
5eb4dfbb1284d61c96c43bad,58ad74688a58e150335088ce,8.0,7,100,3.43,50
5c99cb32780afa57da3af9e0,5667c747eb4b140fe963ba77,7.0,7,10000,3.55,50
5cdd3515d943635651a29bbf,58a3f270e269ee522580e6bb,14.0,12,1000,3.82,50
5e95cf4cce38972f9c579599,5512b0d98e8def07a462e1d7,7.0,6,100,3.72,50
5aabae5e7ddb066f389e4e7b,587dd9a883eee74e06b30974,8.0,7,100,2.79,50
5ea1a307f5df8f1f851fda62,59c7610621064f2f6c8c9fe7,8.0,7,1000,3.91,50
594b7307a6623669348a92d1,55dc6b85f51bf838d3e3dcc2,14.0,86,1000,4.08,50
5b24a2b9b2c8bd2aa4036e49,59aaa4d39fbc514dc80328e3,6.0,32,5000,3.47,50
5d1c3deb8efcc17404a476fd,5c7893301bcc452c015b5de4,11.0,10,20000,3.63,50
5d9addc41a7798259e7a705b,57b03628c676b3573ba2a081,8.0,26,1000,4.19,50
5ed5c0afc832f62b8cfb21cb,5af917558699ce1103dd6010,14.0,12,10,4.0,50
5ebfb735c9354d2da2efa220,59506bd1abea9119a059422d,5.0,127,100,2.79,50
5e9e512979c77d0abfe12ef2,58dfa91e42ab0953f96d31d0,11.0,10,100,4.25,50
5eb618659ac3e01e76161a4a,564d8f2f3a698c01d97fbb81,4.8100000000000005,30,3,5.0,50
5936611a08f45940ce8b5e01,57c306d73a698c06f98ed450,9.0,21,100,3.51,50
5e5769e751a8041e0224208f,58d64937794a2b6db2f0394e,11.0,70,10,2.0,50
5d159fb3571bc13fb08f3a77,579f12b73087c40f57abcd3d,12.0,11,1000,3.85,50
5c3ec8efdb9deb55dd4b86c6,5af54e838699ce1143d1f876,6.0,140,1000,4.09,50
5e9536095c9c5306813b3bbc,58d3cd3b773e9257cc5b990a,3.87,15,100,4.53,50
5d32ae384c901a2f6263384d,59aaa4d39fbc514dc80328e3,11.0,11,1000,3.75,50
5eaaece39229fd6f744473dc,5d46ce1a8388976d8c042c39,14.0,25,100,3.8,50
5937a77811601873f9b93e96,567a54fe7071ec7e12a1494e,9.0,8,10000,3.91,50
5d19be93231caf73e46ccc12,5b160017daac45594728d9ba,9.0,8,5000,3.08,50
5d32ae381e56691d7722e2c2,59aaa4d39fbc514dc80328e3,12.0,16,10000,3.01,50
5cf7a100809b316c5d761f61,5c74e493a0e25750b550e2a1,11.0,10,10000,4.09,50
5b2b38a1f795e417f8c00222,589e67aa3205e17175ced38e,11.0,159,1000,3.67,50
5cde482084913617975abc02,5ba2251b4315d12ebce873fa,11.0,26,1000,3.95,50
55a3818f65bfcb406995a2a5,555f4174a4efd10ea5ebaa5f,13.0,30,20000,2.93,50
5d69df6c8b2a8b61e7b3eb0c,5ae7cee3a71fbf0725de5d43,5.77,9,100,2.9,50
5e9eba2f1a0bf408fef8b837,5b160017daac45594728d9ba,5.0,5,100,3.91,50
5937cd7fb6a2cd0ccdbef91c,5646025ecb3a45127928c032,11.0,10,5000,3.34,50
5e807b83a887540e4049dd31,5d173ba2dbf7606ee45e0b19,6.0,17,100,3.47,50
5c86009eab8dc14c1e679eb0,55d480c092e9ba1242bd816a,5.0,5,1000,3.34,50
5d11df5057a1887a5e25584f,59b38b9d0ec30f3dcde27914,8.0,7,1000,3.47,50
5d5f49662c026a13234062e7,5acaf29d5ebcfd72403106a8,7.0,6,1000,3.28,50
5ce4172ab1219155bd999296,5b24b6bdd1c3601ba899f0c0,12.0,11,10000,3.25,50
5ea8f08300a7ca1e25baf3e1,5e4bb29957cc9b46d2e498f7,2.0,9,100,3.67,50
5eb0d8b4423db02317031a34,568b82677f5cdb26abff2f9a,4.0,4,100,3.1,50
5af661dd2c642f136b49527b,59dc769133a48743534ac5c7,11.0,11,10000,3.75,50
5cbe81430aa3a4566e6ee369,582ff4f70299bc4f4b90d203,13.0,15,100,3.49,50
57a940f74b2a7418992a07f4,561dc58d1f1ffb54d008b82f,6.0,17,10000,4.35,50
5def361cdcbcd1028120322d,58d10bee24f9f96bdbe80fb6,12.0,100,100,3.68,50
5ea11b7fdb5ebf040c8e489d,58dceeb2a6d6757401114dfd,12.0,11,5000,3.96,50
5cdbfec689dab63d46b47cc5,5898240369b8584f668a188b,14.0,126,100,4.09,50
5eb4ebb47cac1223a5749cc2,5e0b55766a4343d3823c7215,11.0,10,100,4.38,50
5e65fa41b12772c309bcf9fe,5d413afa0ff7f947c0e21025,14.0,97,100,4.23,50
5e7d9bee6732e31740797e15,586e70187e94384d6fc17f14,9.0,9,1000,3.37,50
5ecb27f2a746691048f27232,5d5256c527752b19063d8c53,11.0,10,100,3.8,50
5ce2702ba6bc056027727991,5b14d31d7e43f22f255ea98c,3.7,58,5000,3.47,50
5b7658a91fde835ed161abd2,564d8a9ac0f55a1276cd96f8,9.0,48,10000,4.02,50
5d204f0cb51e547d5b3153cd,5abb2cf26be8733b5bf6844f,3.85,7,1000,4.18,50
5d31f9a0a2b39074d5732b4e,5b4d6eb88a5b7b24519e69ad,8.0,49,1000,3.49,50
5e7dc8a4c2e8ef49007d2dd9,5de0981739adf2a3406bed18,14.0,12,1000,3.87,50
56975d088b70437255bf8af8,53facca81c105e3d5866e212,11.0,250,20000,3.64,50
5e70535be2608d353af85716,5bde9444a53011739fbde291,6.0,6,5000,3.75,50
5c0f719d4901112e08cf971f,58380161e18c0f0c70dd6907,8.0,7,5000,3.39,50
5cd3e32fd908537780580e43,557ed5b886d66519ff242099,5.74,5,10000,3.61,50
5e5f507c931bd44190563aa1,5d42991670327a71301ec76e,2.0,2,1000,4.13,50
5b6270648aa701441eaab44f,58b92804935861529969e778,8.0,7,1000,3.81,50
5e16cb87e6dd7c03be24b28a,58ad449708de0c6dc59d9e06,2.0,2,1000,4.19,50
5c8f86e0f842ba52b8c19009,5bde9444a53011739fbde291,11.0,10,5000,3.13,50
55acbdf8ed44704872df93e2,537975ab71795104807b06b4,11.0,20,20000,3.56,50
5e5f56ea3dbe9d00474f503f,58ba636a69ad29505a730852,5.0,85,5000,3.7,50
5e6f204282e6d6b567d051d7,5d3e6e0ce13a7e7ae9f35f74,9.0,8,100,3.7,50
5ae9344787ff841c9ab69b79,566eaa533a698c6442549a74,9.0,8,5000,3.68,50
5dfd9633ddee91057e0018d2,56cd50871e15ff78c21de8a9,7.0,6,100,3.95,50
593fb0c99a2eee2bb40cee61,5660e53e769a564b3e3aeca0,9.0,9,20000,4.1,50
5aa8cd7b2c3a22301d352e25,5406c9c77f086e1be430d73e,11.0,11,5000,3.59,50
5ebf573c45f8f02b2539663b,593fcbd5ff3e807d6a8485ff,2.0,2,100,2.57,50
58d5c37dd3af5b54ebb74d56,5803772d4dcf7942d7280c39,14.0,12,20000,3.61,50
5cc5363ab90e2b5649a53b80,5ba2251b4315d12ebce873fa,7.0,26,10000,3.86,50
5d1cbf16231caf5ee5f61593,59a2e74a8696be0eeb7a7ba9,8.0,7,10000,3.66,50
5b07af657c3f11160f8bb7d9,597767f6171974220c25560a,13.0,11,10000,3.87,50
5cedf538a1e74b7cfd5974ab,570ceafac277d445e3cbebe5,8.0,7,10000,4.13,50
5eb2200b989caa081980b812,5d3aa36072b0c915fe6b8fbd,8.0,68,8,5.0,50
5e8695172124351e6192bcf5,5d4a717070327a03c1e7644e,11.0,10,1000,3.8,50
5e8d7d681db40e4c921cc994,582833faea77701b456c786a,5.0,5,100,3.97,50
5e3e1e80659f9c012d05e35c,5d513ddf1d9a8e239c347192,5.75,16,100,4.26,50
5cff1056c76d52288fac419d,5c73a50ba0e25714e7f2bf90,8.0,7,5000,3.32,50
5ec5fba4a6e08e12f03e460e,5406cabdc5c2464980dc6314,6.0,7,50,4.0,50
5a748120dc0c28764634ccfe,5a72e56d9d5e975657c1460a,11.0,19,20000,3.78,50
5d0b0ac9fdbec0744e2584a9,5acaf29d5ebcfd72403106a8,5.65,6,1000,3.96,50
5d6f980190bd5f5694d25a6d,58314fcb7284901b7ca0d358,8.0,8,5000,4.14,50
5cdbb7300ffb0e5faa5d5d63,5819eb90d3d4474ddf97b23e,5.0,5,5000,3.6,50
5cedf93ac0baab7389f4ccd7,58330d7def56284f7634e5e5,11.0,10,10000,4.05,50
5d09ecc2f5d4eb7721203368,5925555b2cd9447854443c41,49.0,42,100,4.67,2
5eb5268448db4b2032243489,5e537a4038654d5bb8db71b4,5.0,5,100,4.83,50
5ed9bcfdaaa2b81d9c991b83,56da85f4df108f268b4a6618,4.66,11,100,2.92,50
5def3c02b8bdac0102daa099,553c93bcd57a0156022b1598,19.0,17,1000,3.4,50
5d2fca68d4465c17e6206de7,5ad4325e9bda4e08bf7fd188,23.0,118,100,3.86,50
5b12401145089b206d7a455e,5b0a66907752c8567c3cc671,9.0,10,100,3.84,50
5ccaadf547634f48ae1daf8c,5ae7cee3a71fbf0725de5d43,6.0,34,1000,3.41,50
5da42681410d480fbb13c9db,5953816a9579d81e5edcc3d7,14.0,92,100,3.92,50
5c0a0eab7721f07320bdacd0,59df389c88dd76239f03c701,22.0,19,20000,3.66,50
5e60a7a59c6112c4c01a2ded,5d46d6fd4c78550b43ab8351,8.0,7,1000,2.98,50
593e59811897c53b972f5dc7,591a999d1a071f7e40e984a4,16.0,14,10000,4.34,50
5aea67918a743b21013e41f6,57baf75f63834218e305e4f4,14.0,12,1000,3.74,50
5f11698e9a44cd5ecd1909db,5b24edf0d1c360301099e9c6,16.0,16,2,5.0,50
5ccfa41e35af5c46c0bbad64,59a6cc4b21064f78b1bef62f,8.0,8,1000,4.18,50
5c9b5efc65b4b3700cd6c679,56dd52e8e0a234169b46c4ca,9.0,8,5000,4.22,50
5e71b033d9b4ac3bfee4274f,5ad7066e1b98df3e558530a6,14.0,12,100,4.23,50
5cdfa97c034a3c0f3af1bfd1,5926c5ace8ff5525241b368d,11.0,10,10000,3.76,50
5ccfc1718249575e0f776a12,539937d634067e06707b1a8e,15.0,109,1000,3.96,50
5ed4cabd34f3329741e8c3ee,5e63469b2fdc774466e15dd5,5.75,5,10,5.0,50
5ea8dcee238ae108c8a57aa1,5533c83986ff95173dc017d0,9.0,8,1000,3.29,50
5c8aa4b8571dc27f6022a29a,586fbd8b8c30e82bdcce557d,6.0,6,1000,3.21,50
5d523b41dc07526635f3ae75,5833f721e18c0f15d659a8ed,8.0,7,10000,4.09,50
5b61a98ba3839047d010fd62,5a40bd3812fa1c2c21498ea7,5.73,5,1000,3.69,50
5b31e341ec739662f2bd71ab,57aeb5fb5a4ac218de83b64d,8.0,7,20000,3.9,50
5e047ffa271ecb01ce39ae76,5a20c64d8cf0ed4d57d60471,11.0,10,1000,3.35,50
5e6f1aa7c182c5b14b486f9d,5b0fa1b72c3c1d2abb34f1a4,8.0,7,50,3.67,50
5eeef4c4066647a9388a8ac2,5e2ecb9deed5087a7ba2f5f7,7.0,17,10,5.0,50
5953892749a5f7756941171f,5542fcb264b4f014ce88ecae,4.0,6,50000,4.0,50
5ea8f0eb3f8a650a4227f717,5e4bb29957cc9b46d2e498f7,13.0,11,100,3.22,50
5d2823d9afa40277f9dcd92d,583658e928f25754106ae102,12.0,85,1000,4.15,50
5a6af94ffb04de342fa3ff8b,58a99ceca65ebc504a6ebf1e,5.78,50,5000,3.55,50
5c83278c6b39e64d6c16c907,5bbf00e6c5fdec1c0e0d401d,5.86,11,1000,4.28,50
5c874bffc7901e40dcb53cd2,59b7d6e1eea5c510889ea754,9.0,22,10000,3.82,50
5e4ce8cc2ce2e50680cee732,589eb1c33205e17175cee2ee,3.87,4,1000,3.34,50
591e8dcf49043a6ea25b1a31,5885a7e767f7c84d7657d220,9.0,38,1000,4.52,50
5e6079792389e6a7ef176eed,577fb2b368116418674befd9,5.74,5,100,3.38,50
5d00ccdde1fe9971cb8aef7a,5acaf29d5ebcfd72403106a8,9.0,8,10000,4.06,50
5eec6643d6854068e20df558,581c54c4dd99164b808ca531,8.0,55,7,5.0,50
5d82f19340367911da1b9ee7,5177b0b63feb620dd802a197,3.68,4,100,3.71,50
5e6885a8835b431211cdcd46,559f4066577ce11970f7f7fa,4.86,8,1000,3.89,50
5e9afadf98c04211c179fcf4,5e4f330366b9710ecfaff138,12.0,11,50,3.29,50
5c78989a826e994cd3bdab97,58fcdd56cdb8e24565cc017e,15.0,25,1000,3.3,50
5e913de867b78002c07d5ff9,558c2cdc89d53c4005ea2920,3.91,4,1000,3.73,50
5de22bd604954c94ec9b6c99,58c35950e2de036da9e2b570,11.0,14,100,3.16,50
5d5bb89494613054c04a2e21,58131ddf6f55296033923a7c,11.0,84,100,3.46,50
5b1371ddd068ec1ed5ebabd1,594756ab53ebe27caad41157,8.0,30,10000,4.18,50
5954c8008329cb74b77e81e6,569f632ed5f0840dda331a97,14.0,12,10000,4.36,50
5e7ee69fa9d2ef00550fedaf,59510a44905fdb0b8266ddc5,6.0,11,100,4.0,50
5d08893ebcf6877edd051a36,5b99f68520019041167b0b74,6.0,6,1000,4.18,50
5ec4d24b21c01ee2d6dfb50e,5b47ffa01e5bc91f3eea4f1f,12.0,11,100,3.0,50
5dd372bed0d2f061a0c6fdea,56fba259138ef73c2a749a56,3.88,4,100,3.47,50
5b5815ff4092766d7dbafc3f,5810a3d4a70e0356e24d3c6c,8.0,7,20000,3.96,50
5d48ec8f6b0dcd5cb0c6265b,564d8a9ac0f55a1276cd96f8,12.0,48,1000,3.98,50
5baf1d26c48bce0b1c46014b,59c86bce67e9be6f9da5cb03,5.65,33,1000,3.39,50
5cfdbe0fba8cc019629e36f6,55419b79439bb51755098f63,11.0,11,1000,4.46,50
5c6a62559d67d46bb6ce5d70,57ee6909567a8d101913df98,12.0,11,1000,3.82,50
5ed213d6342ca33d87fe2ea4,5aa5d06da6bf7a7f7285bc0e,9.0,8,100,4.13,50
5aed1470e9b72317ade10c19,5a5f153e430b71500d87877c,8.0,58,5000,3.45,50
5d1c8ce7d9ebfb1a55989de8,5495976a40b3782bc8b3654a,8.0,17,1000,3.39,50
5d178f2c35678a26633c3bff,584c23fbef56286074d2c9a6,5.79,5,5000,3.78,50
5c9f216de87867207c7ac74b,59b7d6e1eea5c510889ea754,8.0,16,10000,3.27,50
5ed8ea0b974ab76e85fb3459,5d3d0c2c4b4fdb2f38b5e54d,2.79,13,100,4.0,50
5c876f5b122fda4ffb5246d0,58d25a160490dc52e34022e7,9.0,84,100,3.73,50
5c8a16b5cb281923bc848d20,5bd29797d32ed5241007af46,8.0,7,20000,3.68,50
5c7e67e703cdc34ae8bd45a1,58a6f92596f1bb57c40b0d56,5.65,7,1000,4.24,50
5e4e29ed8753cc326396fbec,5808e2beff6c57435af7df2d,4.86,5,1000,3.79,50
5d82f2852a8c735a7daa3e55,58cf7224712870506c44edd9,6.0,8,1000,3.82,50
5d0c7fda142e760e3b414d74,57f7b4a3bc506d1e56530cdd,6.0,9,1000,4.01,50
5d170abbc3b82d2ca527b409,5787268541b5257c73d0132f,8.0,9,1000,4.22,50
5c36e83cc7d0216a7835b7a1,5639cd9bddb94f103070ef9f,11.0,50,5000,3.45,50
5a694c37a5419b68016bcb1c,59797d8e439a9870104928a1,9.0,17,10000,3.93,50
5957163634bd9170cd0f7502,58d0c52c19bf8b6b34178db0,8.0,84,1000,3.74,50
5cbd345663e9171f9180b06d,55c8a4c33a698c6010edcd9e,12.0,11,20000,3.8,50
5cece16810467a5f254abaa9,5708773c3c02161b3f8c7900,14.0,37,1000,3.85,50
5eb7863e696078086baec0ab,58dfa91e42ab0953f96d31d0,8.0,7,100,4.07,50
5e815f84532ff786c0d6190a,59c7610621064f2f6c8c9fe7,8.0,7,1000,3.09,50
5d3b25b59416e5223a1e30c1,584c23fbef56286074d2c9a6,7.0,6,5000,3.44,50
5cd6627aa116696ad5a74fe4,5ba2251b4315d12ebce873fa,7.0,26,5000,3.59,50
5d0334561d8cd85dc025691b,58481b8e728de666bd5b925f,16.0,111,1000,4.05,50
5c1b3c204f9bf4042395e823,587f85cbb8038f4cb049c56c,11.0,24,1000,3.78,50
58db2a4eca5fec55a2b176a8,58c35950e2de036da9e2b570,9.0,65,1000,4.09,50
5c81feb19a4d0e06ea86daf7,54d83b6b6b8a771e478558de,5.0,28,5000,3.29,50
5c944cf5b82fb711ad500ec2,5853b96be788110ac30168b9,16.0,14,1000,4.52,50
5d2509a8b67b3f36849121a7,5b8deaae2eb51f6d30ff9a3d,7.0,6,1000,4.23,50
5afa87619987a56b4ae7405c,56d6cf588bd26e03ee663123,9.0,50,5000,3.6,50
5cc7b24a607f2a6bbc3570e4,5848298b68eb84699231b1f2,1.76,2,100,4.63,9
5ccfa00e24ae2d5cf52f45ca,596636724b913a6954556581,8.0,7,1000,4.23,50
5d1c1f12c794de7b30320ba6,55c8a4c33a698c6010edcd9e,4.6899999999999995,4,5000,3.95,50
5d00afae32ac2c5a78cc059c,5695ee973fa51e32deafd9c9,8.0,18,1000,4.15,50
5e9ea7ba3a27db3e80bb7b6e,582833faea77701b456c786a,6.0,6,100,3.47,50
5eb4dd1bba09581b242c01b0,57864d704d669274929898fb,6.0,33,10,2.33,50
5e79d1d09981e55d65627085,5d454f4056a26067881bb903,4.65,4,50,5.0,50
5edf2eac07570835cf35ee02,5e606b6e29e7867135073fbe,2.67,67,10,5.0,50
5ed89a314342ce2530775c08,593fcbd5ff3e807d6a8485ff,11.0,10,100,3.5,50
5eb3937c9dd6ca23dcb12315,582c4556ef562807126df946,5.0,26,100,4.0,50
5d4930a022fd6c0c10d9b8e3,5ba0fe4673d934503a6cb6ad,11.0,11,1000,4.22,50
5899205070782c519e2d8738,57a995f564fa71286bac2109,7.0,11,20000,3.98,50
5cccf1b9e723f0635d81553c,5ae00dbf67d25c69bcf0251c,12.0,11,1000,3.61,50
5e915fc33b3c4742cfd78b63,5d5f4780bd01a83fca39e0db,1.72,26,1000,4.33,50
5ebe0ff82d407f12e15d8b69,5d3d417070327a201bfcd655,1.72,2,100,4.23,50
5a7033cfd91790235ed80f19,596c927e94158579f28517e3,8.0,47,10000,4.21,50
5eb0f505ff79823411767eca,565c293d99558d1ed8ae7fb2,5.8,9,1000,3.83,50
5b17a4cff4979a14e3b4bf7f,58106cfce516491e6e5f1e53,7.0,6,50000,4.12,50
5eb64eca0c8dbe3dfc55c400,5e9c44cdf5b57cfb27118f62,3.66,26,100,3.2,50
5d2ee72ad0c3c6130e8e15e8,58a6b5d975b8da57c954c719,3.83,4,5000,3.76,50
5b45bfd6d26302285f0f83e6,53ad2f5a46188e43c8b6bef6,13.0,84,10000,4.36,50
5c079b1b3d864936c0a4c1a3,587f85cbb8038f4cb049c56c,6.0,17,5000,3.85,50
5cdd1c445632da70960b4b9a,5960922537635d7e09b47c1d,15.0,59,100,3.87,50
5ee47535e0fdab19513772a7,5d4a717070327a03c1e7644e,1.71,2,50,4.67,50
5cf5d255217c704c9f5ac4e0,53994751796f684b7f2193b5,12.0,43,10000,3.87,50
5b61488334144513e27ce380,59c86bce67e9be6f9da5cb03,9.0,8,1000,4.17,50
5e9ea0052f7e421781e951fa,57d64f7bcafd22102c3a5fc2,2.0,56,1000,3.73,50
5ea3ec32cf46550c2ee011e8,5e5dec4430477e47e6838d5d,5.0,5,100,3.4,50
5d48e96858129b44c0324f90,582872761004352e57ee38a1,9.0,14,10000,4.14,50
5e65bf0988c42d5a40179cb4,5b0b907d59206904541886cf,16.0,14,1000,4.27,50
5c9c7c98b453e26d96b0341f,59a8267535e73b1fe45b702e,7.0,6,5000,3.23,50
5acefb2f16d944554a579745,57086fd7fa6bee434d0e5852,7.0,84,10000,3.93,50
579c11beaa8aa377f926b2ea,57568f454054c95cbd8d1619,8.0,54,50000,3.69,50
5ecb231abbaf9c260ba413ea,5dc3de943710b9143904fdd9,8.0,7,100,3.8,50
5c9da0f8593b264e85540ba3,5b1522ab7b94e12ee3d455c9,8.0,7,10000,3.66,50
5ec3838095806b23bae8412b,556425de56aea60ea1d17778,3.0,3,100,4.04,50
5d30353626e12b6a5c2b44f6,570e15d2a18a3f5bc5285b9d,8.0,20,1000,3.12,50
5d299060d270a82a82344c01,5aea8f2ccac3c5238de1a99c,11.0,49,100,3.73,50
5d42ab33e2f3da0f1d959b01,5aa1f31308a2240a052e9a1a,13.0,11,1000,3.36,50
5a2f7cdb5cc9a60fadb7abc6,5972058b439a9828e425dd78,11.0,11,5000,4.16,50
5ca2f72d96d90c7ed661b692,584bcf7bfef409603f39b619,7.0,7,1000,4.02,50
5ed48479a79b693eae66e575,5d676dae88a10253b1781da6,9.0,10,10,5.0,50
5e956110d55c740fe1578225,54db03867851097093c0efe7,8.0,7,100,4.19,50
5cfa0a9de936495950c04101,5ae29b4e1baafe7c0109c5ae,8.0,8,1000,4.06,50
5ce2439e619d074a2e7b8481,5ae90e716691361cdb40fb0b,6.0,17,5000,4.26,50
5cc6cc24034a3c48657edb3f,5864767762a1e84ca30df7c9,13.0,93,100,4.09,50
5aa0ee9c8304252fddfcc4f1,58c921126c30436b692b1ead,13.0,59,1000,4.14,50
5cededafd481f058c1c52148,585a8e9a7b78704cd251a232,5.0,5,5000,3.88,50
5eb399f9f7086c24de6a958c,550bed073fca100d87116858,3.69,53,100,4.36,50
5e6896fefcbdc64ff96f9935,5e5363458cd99e4035bcd1c8,3.85,69,1000,3.23,50
5e93ffb081f3830154bf3585,5700e7eac1bed1088d6cd40a,11.0,10,100,3.91,50
5eedd34f85d8a51957774703,5de7643c8db42003000ba7f1,8.0,85,100,4.5,50
5e9fcb1b93ebc013c8dc9f18,58c214fd95dc43508c12899c,7.0,7,10,3.36,50
5ae186aea9cca955de69c5c0,58cf8bc8375c92523736b540,11.0,24,1000,3.73,50
5d27f983780e69046e93254c,5533c83986ff95173dc017d0,11.0,10,5000,3.2,50
5d0c4bf4f8e0be7ea8e096ed,5c51b9b468178729c4213657,2.7,3,10000,4.13,50
5dafd1e7e580730831a8a64c,5268759b736046671957190c,5.83,8,5000,3.99,50
5e7ef0c5014a212b80a7b19e,5aca1225e053885132dc837a,12.0,11,100,3.97,50
5c9b4fb6c7c1b5471f6dee62,565c13ad389b9b2df29caa32,3.67,13,1000,4.09,50
5dcbbed0de3a61037b6f1ef7,598da748b7717348ffeaf02c,12.0,11,100,3.73,50
5ecb7059fb408fea401d255e,5d4a717070327a03c1e7644e,2.71,6,100,3.4,50
5dc51020f73ea90d48c68531,5947799a2eac1104f22e4486,5.73,5,100,4.03,50
5ab4c9a52d659f0378b9cb22,55e7e41e606d0a18fdfc67d1,8.0,7,10000,3.84,50
5eb29d33ae52d33440407949,5b3ed8fa22856f198f7f0a88,14.0,12,100,2.7,50
5cc2592d1ff4ab5900977522,570e15d2a18a3f5bc5285b9d,3.66,4,100,3.04,50
5eba05b08c884a0bddd0ad96,5dc40e313710b91b0f04fcc5,6.0,6,100,3.4,50
5b77b487c2bcf56ac0d49a19,5440df5815133758cf40f1e3,12.0,85,1000,3.58,50
5ec1fcc3674f2550b841f3f2,5d41a75de13a7e2059f79277,13.0,56,100,3.55,50
5e660d44ed8e33cf98d36f99,5c7893301bcc452c015b5de4,9.0,8,1000,3.67,50
5e7d9629e8192e00463aa6d5,57d67d2bb1adb8102d39f90f,11.0,11,1000,3.62,50
5e6098d6aefd8aba77d88f6b,5e536247397cba46c3111a39,11.0,10,100,3.55,50
57ccc65975aea72c65411bc6,52bd3ddb34067e4620a4c62d,9.0,26,10000,3.78,50
5a62e26c95f79f51de48a606,57383b023a698c3a936ce406,7.0,49,1000,3.99,50
5e8c600e60f3076f85bf2d73,5b07dc937752c81ecb291b66,3.73,17,100,4.37,50
5eba1a18d61f0344e17fae3c,5d4a55b21d9a8e4a02843479,3.81,25,100,3.32,50
5abf2ef62ef55168ca71bd15,57fcc26f1c813a50b2a86956,6.0,142,10000,3.78,50
56791dffae318651873663c2,556d68d19fb8ca1a0c4d82ee,12.0,86,1000,4.09,50
5ed8b757c840df324c7796aa,5e4f6a3a29e786346774bcce,6.0,6,100,5.0,50
5b10c4ef431b7342aadace18,5ad31267ea8764621df718c0,6.0,31,10000,4.09,50
5892e3b0da200f71bcec426e,57e5db02e7f40f131adeeaf8,9.0,8,50000,3.83,50
5c74e0aec25639192b9e2275,58db59f4e40cc66d2bda1bc0,13.0,11,50,4.33,24
5577faf03cef83230c39d0c3,54125ab34ad3ab158c0f72d9,11.0,10,10000,3.75,50
5eab54c831a9e205b05e6e84,5d3be81670327a1a4ffce08e,3.9,5,1000,3.11,50
5d1c260af02c727e3c3d0c61,559f372b577ce1196ef7f66c,8.0,47,100,4.33,50
57cfd9cc1640562050e48bec,570b67d4a9dc12590be93b79,6.0,6,50000,4.2,50
5d1437ef4bc85a14abf579a8,583138b06339b410ab9663ec,6.0,6,5000,3.93,50
5ed4846f86ab3a200059da35,5784d339e8aa8938977fefd0,8.0,10,50,5.0,50
5e8eb174fcc85c4b2f970769,557ac6650a43e41ba218240a,4.68,25,1000,3.69,50
5c9042bd4d78254c392d449a,5708773c3c02161b3f8c7900,8.0,43,1000,4.0,50
5d5d0f8768a6ac6756e3d21e,5a3ccf7f028bbd773f938596,8.0,51,1000,3.61,50
5e68ffbbe97f758d0698e049,5e54a05c207f9d3e6cee7040,7.0,26,100,2.9,50
5c1c89326432f859634aa737,5a9cfdb4ccf0c85918542fdd,7.0,6,10000,4.11,50
5d29bc2e05b01018762aaea8,59aebfa350df6107c1eff8c8,7.0,30,1000,3.28,50
5ea918a65f8ba830fee3a94f,5dc69ae4c4e6e61846dfc2b4,5.65,5,1000,3.87,50
5ce75b39bd809b61b5617d4a,58061170aa46c6195c12950b,8.0,9,10000,3.35,50
5ceb44aac976b44c9c5f0227,5ae3d438c1d5187ae0dcea90,12.0,58,1000,4.18,50
5ee8d64229e09b123f9e9aa7,590f2995f3d19c2cba264414,5.0,5,1000,3.1,50
5ea11302c2d31f2d6f622bd2,5873347af1f65d4d61b69b1a,3.84,4,1000,3.18,50
5b4dcba5c731de4eb674bf4f,5961d4e6905fdb5a6f505cd3,8.0,7,10000,3.56,50
575f968e71c7c161e321f107,56effd3864d54a58a619bdb1,12.0,31,1000,3.87,50
5e50d4805cb11404c0659096,5d463c87c77e983f28b4dfca,5.79,9,100,3.96,50
5eb8dd6275e01b65b8da16ac,5466f5ea1280fa5c9c7ba98e,7.0,66,10,5.0,50
589d7bc5b72e7c1397b8b5d2,5858d328e18c0f7603a08e1f,3.0,5,1000,4.05,50
5d042f0921141014f192efd6,5901f6c2a8e3eb2aca4b5559,13.0,22,1000,4.01,50
5ec4d25fa7ed5dd27f74ad31,5e0474f81b1677050990d11b,8.0,76,100,3.64,50
5e5389135c21a2d11ef9b8e9,5d54bec47ad242761d84984d,9.0,8,100,4.07,50
5c8615c29b83af3b342d2c15,5832e5632f5e534c23488f06,9.0,8,1000,4.27,50
5df2576d68963c1660471f9a,56458aa03a698c35c9050988,4.9,8,1000,3.83,50
5a1e957fce700d27f347c435,555bf637b0213719da7229df,8.0,38,1000,4.14,50
5ee4880dad418021a27e3dea,597ff85721064f2607e253e9,25.0,38,50,3.17,37
5e4b7be804e312785914c0c8,5c7893301bcc452c015b5de4,9.0,8,1000,3.52,50
5caf39f0c1cfa228fccec57d,5778fd153a698c5c2d845ed9,11.0,42,100,4.24,50
5cb99a5eb6259b187cc77184,5ba9af0fef66004cac1013f7,12.0,102,1000,4.22,50
5c823b50a937185c992e6d2f,57d904168172661fe3b3256a,9.0,59,10000,3.77,50
5e3e5d332c3e1f0734f6740a,5ae2d056b125ab5424320fc1,8.0,25,100,4.0,50
5d300e5c0152ba058f2cb07f,5ad16178db5f1f07107a5401,8.0,7,1000,4.22,50
5adae16416d9442733b00177,59b29ff23eb22a1355606548,15.0,13,5000,3.51,50
5c35bcc4b7d2d236938ad925,5b5a8a32f114fc2a4ca301d3,14.0,27,5000,3.52,50
5d07120c11e6065641900fc4,5ab3b592c3911a095ad5dadb,13.0,11,20000,2.97,50
5ec4cea618f3b9c71fc3c49f,54068c667a9eb466313c6ebf,6.0,7,100,4.0,50
5c39d2fca958dc1dd6b0cc64,5528e31e43a8db0c29241cd1,11.0,10,5000,4.34,50
5cd68836e731f919b55e08e3,590d6c356815062709f1b06c,7.0,6,1000,4.16,50
5cf509ff2e4608604e83148d,5c74e493a0e25750b550e2a1,2.0,2,5000,3.89,50
5b2880c8e6aa7717e21461a6,561dc58d1f1ffb54d008b82f,8.0,7,10000,4.01,50
5d2d31d4c15e48540153300a,59b0dcac50df61071d239b12,8.0,7,1000,3.63,50
599e9345064610593dba223e,589ae185ad330a4feb2b6dd5,8.0,7,5000,4.14,50
5b58449a6efe5e178f799c31,5832a8766945cb1c96d3e2d8,18.0,27,5000,4.03,50
5cfcdd42b3fdc841c21ff904,5a7b23a69bda4e3d375e7b3f,11.0,10,20000,3.7,50
5576b706edb2391a06372f71,53aa664438d3046ee44a5024,11.0,83,20000,3.87,50
599624c59e41a0342218c883,53f2db3c104dae6bcae0c271,4.0,4,10000,4.03,50
5b44179208f66b1dae02fdf4,583547f417dc6224cb464117,8.0,7,10000,3.71,50
5d2bf4ce06f96e2cd64772d4,57e00221b8115e1061a6f6d0,8.0,7,5000,3.94,50
5ac487250548ea06d2955024,5857e83a1e95514d46b046dd,6.0,23,1000,3.94,50
5b0bbe32c1082f71c9ad9209,580dd6425250a21944205a36,5.87,5,20000,3.98,50
5ea7cdb941b27544b4f4694c,5d4e5b8415275446cdad4fbb,2.65,3,100,4.58,50
5cedee9d7775ef72c072be78,5c80bd2ab1ad6a6fc52a7eb3,7.0,6,20000,4.0,50
567cb0925ff12c4829f07dfb,5357bcf2bb72c5504882e889,7.0,22,100000,3.82,50
59fd51ba9e82590b7bf7ad16,5788dc8d88eb7a2e8a04b1b2,14.0,12,5000,3.83,50
54ab85ff509baf3e966f7f2a,54898f4c223ebf1cd713fdc2,19.0,105,20000,4.4,50
5c63b75850c63d6a9bfe634a,59e70d8ceea5c546fa152f42,8.0,7,5000,3.7,50
5c88742f9a4d0e68dc7148c2,5639cd9bddb94f103070ef9f,7.0,50,5000,4.02,50
5d59083aa5fa243bcd2b45e3,55c8029641d799421d41fe3a,8.0,9,10000,3.09,50
5ea3b5bfa92d6c0442cd4b03,5533c83986ff95173dc017d0,8.0,7,1000,3.93,50
5ebb6a3db1e97c2d2d60101f,5e548120207f9d0685eec2ea,1.7,9,1000,3.86,50
5c944d690d06de6f91b3a991,5acdbf7c9c15ff7191aadd30,12.0,59,100,3.59,50
5c3ff9c71b115c0802243181,5784d339e8aa8938977fefd0,6.0,33,5000,4.04,50
574ff29cb4b28660d9f94d3f,56e43d9e3a698c3826a5feff,11.0,10,50000,3.91,50
5e916d950e061621c062ac52,5d4784dd56a260398c1bc597,5.0,59,100,4.27,50
5d42a8479ef2d22e268e050a,5b4973b049c8e64e07c31cb4,9.0,49,100,3.72,50
5d03176da8c15d5e4b5171e4,5938c5a58e5b2e6601f01c6f,15.0,68,1000,3.87,50
5e4e9219fcc85c44b0757483,566e97ca39cce4269637a261,15.0,13,100,4.11,50
5e6a049b22948f5de207447e,556425de56aea60ea1d17778,11.0,54,1000,3.93,50
5ad6b4271e520e4c8fffe172,598429c3947e4119b7bec1c0,14.0,84,100,3.79,50
58aae24ddd127b534be35ae8,53c62f6b46188e177eb57b6d,16.0,56,5000,4.01,50
5cf0a87f2202a759d6ddb369,5a7b23a69bda4e3d375e7b3f,6.0,6,20000,3.97,50
5ce262d24db1576e365454d1,5b8d343e133368366f2dff48,13.0,11,1000,3.47,50
5d78933775c1735981cf4c25,55c8a4c33a698c6010edcd9e,3.86,4,100,3.48,50
5bbd48c6cde8402bfd4e18e0,59c86bce67e9be6f9da5cb03,3.74,55,10000,4.23,50
5e9167baf5ad2a474363ebaf,5700e7eac1bed1088d6cd40a,7.0,9,100,3.23,50
5d3591931958cd77befe429b,58f8681a29867d1118cb0964,12.0,11,100,4.09,50
5e9e9f8aca869939b544a886,5dbe8b3a0140ee444c50ec2b,7.0,6,100,3.65,50
5ab891d5dc0c2851135824d7,59bcfadb776ab96ae984be82,8.0,22,1000,3.74,50
5e6b2dfdc8a3db48b223b701,55c8029641d799421d41fe3a,6.0,11,1000,4.11,50
5d11e3e51bb88e735249cbbb,565c13ad389b9b2df29caa32,9.0,8,5000,3.8,50
5e683f1cee70ce1cf4a91d2a,5667f9745eec70268023940b,16.0,14,100,3.73,50
5ea27e10bea0a402811af6a8,58db84154f0c6b53626b73ac,11.0,17,100,3.4,50
5e76d7f0370e9deae7cadf87,5dda41a275cf541cc0b6cf99,2.0,2,100,3.53,50
5e82c05c9d1cec1dfa9bf0fd,5948c9761f2f0f2efb675fa4,8.0,7,1000,3.13,50
5c63b8d97037716f81be1e89,56d954c8d30d44338d07e50a,7.0,22,5000,3.79,50
5e65e7ac35af31b8b719aa13,5acaf29d5ebcfd72403106a8,2.0,2,5000,3.7,50
5c2f068b53477172e3886c79,5489a2fe546ead1ec9215829,8.0,34,1000,4.14,50
5d3120c92435742c362a09ec,5177b0b63feb620dd802a197,11.0,10,1000,3.73,50
5d3fbb7edf9945238a3e858e,5a13e07c5d6f342d64b51237,5.0,11,100,3.72,50
588c54fb6661e84246a8aa71,5577b101429aa92940bc33e7,6.0,6,10000,4.29,50
5e689c86003bf60050ae0be1,5d7c4cc361090057c2bc7331,12.0,13,5000,3.91,50
5e3a58fbab71890480516a09,547bfcda3dabbe37af5818b1,6.0,6,100,4.27,50
5cc2d24035b846634f67558a,5b160017daac45594728d9ba,11.0,10,5000,3.64,50
5d282b01d750b778c045c9f1,58539804afa5ec4cae2cdce8,8.0,7,1000,4.43,50
5eb63e65f98a3634f4d430b3,58da49c92c3a8f52a755d4a0,2.0,2,100,2.44,50
5b22ee2dcf612a12962a84f6,58df45e5795cf052ae1c2142,5.66,5,20000,4.14,50
5c88aede7d6c6a218ce2b312,583998c51591454a04a79709,14.0,12,1000,3.61,50
5df1d0a2c7f18f0857cc1798,587f55e57f83404d58fe59fb,9.0,8,5000,3.9,50
5ecf5d30e9f82b433471be88,5448789898dc205017838a33,11.0,10,100,4.75,50
5e04554af2db2e0211989d36,5b7e1d0f5b299812c53e81f5,7.0,34,100,4.52,50
5ca084765e18c31890903f2a,5926c5ace8ff5525241b368d,3.92,4,20000,3.76,50
58e85a652ab02a1908608ab8,56dce88d21396a16a47eff39,8.0,84,10000,3.31,50
5c1b6e19c96aa87c20e6a32c,545c2b1790c776172b72d5ab,16.0,14,1000,3.16,50
5bf651b7107ad060df8d82fd,545c2b1790c776172b72d5ab,8.0,7,1000,3.98,50
5d5df4f9ab3178058cbd5906,5ad01a6a70cf6977d05013de,11.0,10,100,3.24,50
5be393792655325c8004cf82,5784d339e8aa8938977fefd0,11.0,10,10000,4.02,50
5e9bf36aecb3b56809e83a36,594ba69f2eac11550ec111a1,16.0,16,100,3.82,50
5eaba913c039171aeb0732f8,58a6f41a96f1bb57840b0ed4,14.0,51,100,3.75,50
5ef2f90ca888ba40baf3bd16,59e5e353ef7b892409c6e6a7,3.0,7,100,3.67,50
5c837b60bec7771428a98865,58285d7f168b5430c5090ab8,5.82,58,1000,3.93,50
5ec39565bb9e684ea7371e7c,5b0cd8577e43f257d4a05469,11.0,17,100,4.67,50
5d22a5c3b1ae313fdb4801da,5c7893301bcc452c015b5de4,11.0,10,5000,3.87,50
5eb24bea7fc03e380f0509a1,53994751796f684b7f2193b5,1.86,2,1000,3.78,50
5eb4dc8ec1231404c92d7eae,575cfe470551415caa5505b5,8.0,33,50,5.0,50
5efc475047f98d45ef7fa1f2,5d594543cf65033850311c11,3.71,5,10,5.0,50
5cf10d573818e44a8e42f255,5afab0f75ccdca0e69a067b8,11.0,28,100,3.93,50
5e8d78b38a5fed4a5a026712,558c2cdc89d53c4005ea2920,5.0,5,1000,4.13,50
5d1ea4a4c3467e6294d1ad0c,5684e1234c2cc826ab5ca438,11.0,13,100,3.87,50
5e9e82ea36d82c2330c1b363,5b6bb6d7790f1a0d8a416c03,13.0,43,1000,4.31,50
5abc519e3c1dc61e44e0667f,551c02310570552bbd036dbb,8.0,11,10000,4.28,50
5707400fae8c9365ccb888bd,56e7bdeefdc43f585fce9122,13.0,11,10000,3.9,50
5c93384658417d4d433feb91,5b3b135e38e2640b28a557bb,8.0,7,100,3.44,50
5ea27927a561041cc3fe56e3,564d8a9ac0f55a1276cd96f8,2.81,33,50,3.64,50
5bf38aa52dd62c3a7550a899,5b14d31d7e43f22f255ea98c,2.0,26,10000,4.36,50
5eb10d32f12bf74120b0fd1e,5952a218e81e8a4c30b5bbbc,5.84,5,100,4.04,50
5bce9924df97d42c05eef81e,58bd1048662f70531f3962df,16.0,14,50,4.0,50
5a9fa7ab6bcfa367f9c554c8,587b63ed3cca004cbd02d7d3,6.0,38,5000,3.82,50
5ef2c54482e1e6221ffc7de9,57773e8e7f1b5074ad85dd89,2.66,9,100,5.0,50
5cda71c65ea3126b96be1ab9,59e071d99fbc517c29711220,16.0,33,100,4.15,50
5e7ee6ba87a9e742d6894fdc,594ba69f2eac11550ec111a1,8.0,14,1000,3.98,50
5b326af509dce53d08a6466b,5a200757518c1c4b34845a1f,5.8,43,20000,3.47,50
5e76bdc3e92186db5697bf62,5b71353ec8cfda2270406795,7.0,6,100,4.09,50
5ea3d34c7e458d258289cdfe,5d4a717070327a03c1e7644e,12.0,11,1000,3.64,50
5eba5b1c29367c77b5c0eb35,5e535f1b397cba44cf1118d8,2.89,7,50,5.0,50
5eb96af6de96f304f1437bc0,5e6a5f041511dc46c06eac19,8.0,56,50,4.67,50
5e9e96da6c4bc104801ae477,55311a071a8a220c1b804371,9.0,8,100,3.71,50
5d47999b2445d31e05451436,5b8e19ad9058ed22fdc30621,5.67,6,1000,3.51,50
5e227b0fca2543070a2e1734,5ae56280ddf45b183333ac45,6.0,13,1000,3.26,50
5d57803644554b1b9200275f,5864767762a1e84ca30df7c9,11.0,85,100,3.58,50
5c3de992180d223f8a3329d9,570d017b1b4ca758e18e407d,8.0,7,10000,4.14,50
5e9a99189b1c2d0240f15f72,54365c349719cd57af2b449b,7.0,31,8,5.0,50
5cfdff52d05757021bae9d17,55ed5a3362e273427107759e,14.0,85,100,4.23,50
5d367739407a226495aa2470,5466fad41280fa5ca27ba85d,14.0,12,1000,4.04,50
5b62adee423ee1752a512ca9,5954b765abea9167c0495382,8.0,7,10000,4.13,50
5ea1161798c3202180fa1293,5d5108577ad24261ddf720f0,2.0,2,100,4.15,50
5eab895777f05602e0f36f12,585a45a3ef562825c60e0c71,8.0,30,1000,3.09,50
5e9aa6027ef81b1d830b6e11,5d50f80e3db43e24767edf52,2.0,25,100,3.9,50
5d79d8dc6607933421ffa6a4,58c910072be00b51c601ccee,9.0,8,1000,3.03,50
5adeaf1617c7a925122b2941,5a018060448a526b450ddab8,9.0,8,20000,4.14,50
5c3fe7021a62f63f6d4820ef,5788a55ba78e3f2dce4126ff,4.0,4,1000,3.51,50
5c8b3b73727ef733eae435d2,5b17df3f012875082bc82048,11.0,22,1000,3.66,50
5e0481bf1705212493a2f8e5,58ef5b480d27561215655a9c,4.0,4,100,4.13,50
5eb10406591f883c59a1dcb4,57baf75f63834218e305e4f4,4.9,5,100,3.96,50
5d2477487a074501b0cb6438,58311e2257e86a1b8863f74c,9.0,8,1000,3.85,50
5e751f3a15c57e874f677e6d,5d54026f41ed515c7a1eb40a,12.0,43,100,3.65,50
5cc81498d2dfc22af700ebe5,55542b4b662da7114d591723,7.0,8,1000,3.73,50
5bd144f0b0de8459981dd41c,563c5b3d05398a37780be2e2,12.0,110,20000,4.04,50
55ac4e9fc21d2e406f4b90b7,5487c9b1b9b7e705069489fb,5.88,9,20000,4.07,50
5d51315fe72c993296b63061,5864767762a1e84ca30df7c9,15.0,102,1000,4.23,50
597adab2ab03f4429e23d778,57ff8c180fb8e31870c27d68,8.0,75,20000,4.39,50
5b7ba8fdfc71be0f30bb7f44,5639cd9bddb94f103070ef9f,9.0,8,10000,4.2,50
5edefbd61eb25e17fedf9b8e,5d8c291ca1309429e32bb247,9.0,8,50,3.0,50
5c355a86211ca154535af293,5b18eb98dfc31f2100f4c4cd,8.0,9,100,3.38,50
5ecdc68e46cdc10c6216940f,5de71b384c9c820a00c16efa,7.0,7,10,5.0,50
5d4925eb8972ff23164bbd2a,5b235f8ad1c3603c027fdcda,6.0,6,100,3.3,50
5b9f1a4bd143a816d746677a,5ab9f77bea8764355800e5a2,4.7,19,100,3.87,50
5d2e8fa433d723444547a0e3,55f982b029624842ab599cc3,6.0,7,1000,3.67,50
5d58daef3159a812b05933d2,56458aa03a698c35c9050988,4.93,6,100,3.77,50
5abb2dcdd236a572c57192f8,578866243a698c1713f2d19c,3.0,3,1000,3.94,50
5b06754d91d2cf12f07c6988,59cef71c21064f20067f4313,8.0,17,5000,3.94,50
5e5723c6f14e531668fe93c6,57ff8bcd0712e0312f81ed73,2.0,2,5000,3.87,50
595b77cd3e5c2010cd0712ca,5406cabdc5c2464980dc6314,8.0,47,10000,4.14,50
56fe70b837c44740638391a6,56e628924bd2915857b4ffdf,14.0,12,10000,3.65,50
5dc188b6e2abd414a2bcb144,58eb0bacd36f081046b7149c,8.0,7,5000,4.23,50
571adeab62cce546f1a46bc0,570f3a713a698c14278bb51e,5.67,19,100000,3.53,50
5cb99a6535110466bac87472,58be241991fd205b2462acc3,14.0,84,5000,4.22,50
5e3901a8aaccd401e2a2d699,5b164e4c7e43f2326c3e3931,7.0,43,1000,3.36,50
5ef858a0d41d4c085fb829e6,58b569edfc743d5072bcd4d9,11.0,26,100,5.0,50
5e91713952bdf84d21150eaa,5710ac98b2d43a5925da8dd8,6.0,7,100,3.31,50
5d1f255bd91ac0648c8c7079,5accadccc98949438a3729a2,12.0,17,1000,3.36,50
5eaa972cf7d1965858d7b664,5927d9ead7f65462c5a1d409,16.0,14,100,3.28,50
5cf66417844fc312acf3d8ff,585b36a336cedf4cb6c6ea62,13.0,68,100,3.48,50
5a6ac6f9227c62493f93b53e,58d0c52c19bf8b6b34178db0,11.0,38,5000,3.91,50
5dd795fa0f11f7c2e48f2091,56c30460d7e2821146329f82,3.71,6,1000,3.45,50
5db013aa7b620c0e7346ebf6,5700e7eac1bed1088d6cd40a,6.0,9,1000,3.8,50
5bebc4a90269f2172b1af950,55f7c64b3a698c4749f3bccf,6.0,6,5000,3.89,50
5d1709377d85c3451136583b,58de1f5eef07c15511148726,12.0,16,5000,3.28,50
5aec5aa5e08184220e174919,58c0fff96ecaa3523d59a24d,2.0,2,50000,4.01,50
5f095371d25f1d274c028031,57ebc98dfc63523912aa1424,5.0,5,100,5.0,50
5cb02b41f8badd79e1c3a00b,578e0488ba8cd20e9b1b4a3b,5.0,5,5000,3.3,50
58b7dc3133b0bd5914a62c90,572d45c708fad86678ca1938,4.66,11,50000,4.01,50
5e9d251ec741acb9f508e014,57b03628c676b3573ba2a081,8.0,22,100,4.0,50
5ec1ffa502f451526044f724,5406c9c77f086e1be430d73e,9.0,9,100,5.0,50
5eaa52eb9438b830d970731d,566a25e33a698c1f131fd872,8.0,9,1000,3.95,50
5f0e6c204e43471f765df4f0,56de96c70f2a81169f14fcde,16.0,14,10,5.0,50
5db82c194989970842830ee5,5b41be818e210d22facca0bd,5.0,5,1000,4.1,50
5d4105bcde7d5d3b599eaa26,5a7b23a69bda4e3d375e7b3f,6.0,6,10000,4.0,50
5ec782e0a323520050bd869b,574d559cb06e205d099d9107,18.0,59,10,2.67,50
56fc8fb110d0170f68dcc789,54af9c1428565a151043b6bf,8.0,7,20000,3.8,50
5e478ea274ebb43c45f5615d,5831ae002f5e534c0a485f06,5.0,25,10000,4.19,50
5ea7929004129921f6ec8786,56a9df1b3a698c526f769805,5.0,10,100,4.08,50
5ea0f7839341bb1d6e41ec51,5e183869e344ec006fdaa805,26.0,168,100,4.15,50
5ecc7c381d9d7640d5507759,5eba4de229e78603182870c3,6.0,6,100,3.83,50
5e8aae44079d800040436ad9,58db84154f0c6b53626b73ac,5.78,9,100,3.71,50
5cb149f2b8ef3559d7a616a0,5533c83986ff95173dc017d0,5.0,7,20000,4.13,50
5e423fd2cfe75d335f1cb59f,5df71a34092d7302140be245,5.73,5,100,3.86,50
5cbaa75474447f0309226366,558c2cdc89d53c4005ea2920,3.83,4,10000,3.64,50
5a3e135e8b9e474d8ced3d13,58aec90823ef726994a323fe,7.0,6,100,3.69,50
5ec61961f80b97293e308e3b,59538ae253ebe2397fc85777,6.0,6,10,4.75,50
5d3009fcff0f8e20ef73d344,55e7ed3230a9764b0761fc82,2.65,3,20000,3.4,50
5e9fa7c9898d87003f5891cd,5acaf29d5ebcfd72403106a8,3.71,4,100,3.44,50
5dce171a4ce6af254aee6a13,58529ee7e788116a53cbe2a9,13.0,26,100,3.78,50
5d51228a93da464d5b2995fd,56a6d6f9cc46da0df30dd801,12.0,11,1000,3.59,50
576ba1eb7f3351084cd0b578,5756d060b833235cbc250227,13.0,252,20000,3.91,50
5b3dd07615e1a54aa30f6117,5817f156d8ef7848c3b400cc,12.0,168,5000,4.09,50
5cda67f81d74dd124be0aa84,543cf22998dc200761d621b2,5.6899999999999995,17,5000,4.31,50
5ccd040271a18b65332a83d7,5730557ae3daeb5b35ee1f0b,6.0,8,10000,3.79,50
5d02053561ba8679fdbc3082,585cc05eaf0e9d52046c895d,11.0,10,1000,4.1,50
5ea3b3e93b0e9b0ef3af91c3,571b38e66c39b141b1ad43e1,5.0,5,100,3.75,50
5e40f1398d75d64239efbb87,5646e6e72a6bdb446aaf6cc8,11.0,10,5000,3.56,50
5e9fa7de39682a0043ab7898,56458aa03a698c35c9050988,5.65,10,100,2.86,50
5c2320b1c68b9858ff6fff97,5810c46f02b01e15f8a10e38,5.85,5,10000,3.55,50
5ceb892ba24a0f04545c69cd,59802a908ee78d7ec44d192a,8.0,85,100,4.11,50
5c8b7042b5154f67e6e2e327,5810b1db3deb94160f5cd4a3,6.0,6,5000,4.13,50
5d11bd97dc99724d81941cf4,57b58a411f608c02bd6976a4,11.0,10,100,3.96,50
5ccd5605944e530bfb02d203,5b5576f84543f458aee346fb,14.0,26,5000,4.12,50
5d2d7c75d7bd6303731a556f,577a1c0517c3e2747a5a4659,18.0,76,100,3.56,38
5dd62bc4971b429f13c186b8,584426309b0f754de95d6b50,5.0,22,1000,3.32,50
591a98617e26c61eceb2a581,58e5a2822d91301f0b3a6bd9,8.0,65,5000,4.14,50
5e9fe3edda7e8a20bf1975ff,578aeb7316b2891a3a226c21,16.0,14,50,3.72,2
5ca1b478f31dbc0a7a353b40,5800a8bb50d8ab5aaee15f20,5.74,5,5000,3.9,50
5cef6f0d2b18ce107dff9f21,57b03628c676b3573ba2a081,8.0,7,10000,3.71,50
5cb6c6e841ec3b10cad8e77f,57b03628c676b3573ba2a081,8.0,7,20000,3.63,50
5c9ac9b36b682b47155e1a58,575cfe470551415caa5505b5,3.0,14,100,3.9,50
5dde06cf1a6aa6391f0da3fc,58aea6fe15241651ee65307b,2.0,6,1000,3.32,50
5d11bfcf5ac86e1fbfb52b8f,5aa1f31308a2240a052e9a1a,11.0,10,5000,4.03,50
5d806bcf77593b45bd7cff78,51aff6a38e221e2cafcdc0cb,9.0,9,1000,4.2,50
5ea13adaa3cf3440f5d1605d,564b2fb5c126a0127af8441e,5.0,5,1000,2.98,50
5cb0327791033211722bcb97,583bdad32f5e5304a69d5bd3,6.0,6,1000,3.98,50
5b5928df126bde74e5771563,5954b765abea9167c0495382,13.0,11,1000,4.14,50
5df1d0d196708b08bd77de84,5d5a1171560eca427bf10acb,11.0,10,1000,3.97,50
5cc15531a59fb0422d35df06,587dcb1b6fa68c4caba87529,9.0,8,1000,4.24,50
5d3eba3f20e552131d7dcb40,5177b0b63feb620dd802a197,12.0,11,100,3.6,50
5e9ff3e48b0b220dc5fe08b5,5d4cf83dc8bc520142c8534f,5.75,25,1000,3.67,50
5c99cc1d987d733441c90588,563c5b3d05398a37780be2e2,11.0,102,1000,4.15,50
5df1ecfd5ae3500bbf3ba4d4,5700b51a0848f73d19d10cbb,11.0,47,100,4.39,50
5e1c35b8fcc85c5446a0a8af,5ddd1355801ecf0a803b6c3a,7.0,6,100,3.83,50
5ecc88113630a4376e694457,5d54f7e47ad2426b008579ae,2.9,3,100,3.89,50
5d4e1c578d4d082786c90cc8,5763e55cc6053f5e70522ad7,8.0,9,10000,3.95,50
5ed1d07c3577612ab0072657,5eb50b2237d7ba4abca6250a,8.0,7,100,4.2,50
5ea90eed651012211b49959b,58fdedf645f9b210f58c00cc,5.86,59,1000,4.06,50
5a35a744daa5c76df424c228,59e968275d6f342463a6157b,13.0,68,5000,3.79,50
5b14b26c978bdd2c6e21d987,554b7fc033c1d7162b690160,8.0,7,100,4.04,50
5cf2af4e5d3c271292063d27,5a4df4937ce75c31079ba413,14.0,102,1000,4.18,50
5a309e7c2495d43e9bd63486,58216982dd9916453fe2d1a1,7.0,23,10000,3.98,50
59785c836bfb5f7a747d6eb5,578ed3e53a698c2b54ac93f4,11.0,10,10000,3.86,50
5d089aa1c76d52190a124b58,595df09dd44a9b53910f4e2b,9.0,31,1000,3.92,50
5ed1d24d5aaa9c285e15cd64,5eb8e443cefdd67ac09f93ca,8.0,7,100,4.39,50
5e6f1f18eb32d0b52d76cdbf,588224a5bb3a4a4d5169deb2,11.0,84,100,3.65,50
5e967c5fb8172805c0956fd3,5e75cce27477a26d336a6c07,15.0,13,50,4.4,50
5eba38a9d0c9a464e4490d20,5dc818ca030a154e48a3a8af,16.0,14,100,3.44,50
5d31263826b71f67aa5618c9,5a69c113da6ce6220cd14e05,5.0,5,5000,2.94,50
5e3e5bf39052fe07808a7adc,58ff26fc42fc6a113afae083,13.0,85,100,4.11,50
5e9ea540e0c1023c4fd978db,5e61cd4b97cc101bd3066216,20.0,17,100,3.2,50
5b82f9d02e756e165025e7b8,594756ab53ebe27caad41157,9.0,14,20000,3.31,50
5d4a77d84aec0d1e81e8ddd8,570cfe55a18a3f4630d18c02,14.0,12,1000,4.26,50
5e7eb4545c97e409ca7c33aa,57b03628c676b3573ba2a081,6.0,17,6,5.0,50
5eec894c4625d53252ad6e09,5b160017daac45594728d9ba,7.0,6,100,2.75,50
5d43cfe54fa3e47d9280ef5d,5ae3d438c1d5187ae0dcea90,11.0,10,5000,3.91,50
5801bf9ef22bef78458987d8,52bd3ddb34067e4620a4c62d,5.67,5,20000,3.63,50
5eacf4bd2f2def0238b0aec6,566a47bfe9fa8a31b3ef5141,6.0,7,100,4.31,50
5d1b46faed852961cae43e78,5860cbf734de6c4d4803523d,12.0,102,100,4.11,50
5ddf85feb3118e5ced0b8cf4,5898240369b8584f668a188b,11.0,59,100,3.61,50
5eb282013b3dda03d08d5f6d,533e35e334067e3f0e7b05c5,12.0,17,50,4.17,50
5c6ba39ccc30f2654992a710,5864730562a1e84ca10df658,11.0,10,1000,3.58,50
59313378900f63528b168590,566a3ef17233ff2686443082,8.0,7,1000,3.76,50
5e7843348935f4bcaf684605,58d109c5e3830f6bcb47e35d,5.0,24,100,3.7,50
5f0025c325561d2a49b8f58c,5808e2beff6c57435af7df2d,4.0,4,100,4.5,50
5a3cccf4e723d838617c8a68,591c47e34d43573c91966c72,11.0,43,10000,3.28,50
5e951eb4c7783d0a9a876292,5abf82da22fad76f8c13b113,12.0,11,50,4.24,50
5d3d64184aa4784e026ef969,5ae2fae49d5e9703cfd6b63c,11.0,17,5000,3.26,50
5d2c298f71a914273558a31e,56e43d9e3a698c3826a5feff,7.0,7,10000,3.85,50
5e09ebecdc02a90154dc6bf0,583188080d44631041fea370,8.0,11,100,3.87,50
5e915982ab90d13f12c58c1d,5d5f4780bd01a83fca39e0db,1.88,25,100,4.46,50
5cbfdb539f5865397b24f635,5ae00dbf67d25c69bcf0251c,11.0,10,1000,4.32,50
5b04be45a7df63180c4f9c7e,596b4085d4cc34162e778769,9.0,135,100,3.55,50
5a1d08e7cd0e681313a1dbde,584bcf7bfef409603f39b619,3.88,5,10000,3.66,50
5eb0c05c8418d0155e62ab7b,5e54d1d9e0d90e6488de48c2,2.0,2,10,4.8,50
5cee3f86fad167490f608390,59c8a909ae228e37ae159559,12.0,13,1000,4.25,50
5e99436f9ce56d2f8a145788,5d5256c527752b19063d8c53,1.66,2,100,3.75,50
5d09be52eea40f71353f7213,5b125148c2586910aba903d6,7.0,6,1000,3.27,50
5cecc52995362038cdafa5cd,58d765d6da2852536d7a3fa9,9.0,8,1000,4.03,50
5e4de7c0fca4bd0c7f6e62a6,5dcb9bb2997e90092d624499,8.0,7,1000,3.69,50
5c78d5ca8f7a796ffffd6fba,58a99ceca65ebc504a6ebf1e,14.0,107,1000,4.38,50
5cb8112250c674473bd58784,5ae3d438c1d5187ae0dcea90,8.0,13,1000,4.39,50
5e7ed12eb0bce72e808fd175,55cc46e9b4f3404582b70222,11.0,43,10000,3.98,50
5e7c870cedbc005e005014b3,5a129c6aeea5c546c8b8e2f8,19.0,17,100,4.33,50
5c6a61c8707afb3ec1abb8d3,54af9c1428565a151043b6bf,8.0,8,10000,3.61,50
5e5772c54870984470202a63,59f5481068788b25d0a84068,11.0,10,1000,3.69,50
5c29b30b97c6703dd54b1096,58ad365fb3bd6d507b06db0f,12.0,93,1000,4.1,50
5e82bd24239e991c07f02bf7,561df3a23a698c711e5e5efa,8.0,7,100,3.37,50
5eb4ee2c48db4b0f42240401,5e693079c6a6e679c0bf4613,8.0,59,100,4.05,50
5e974f0241bfa80828e9c0da,583155a70d446310bcfe9f52,5.0,9,100,4.08,50
5e59fbad67b3390255c23751,57187da6f24dd9593ccc886a,5.0,48,100,4.07,50
5db021827fee081001a82fc0,584a7a381591451e4e3af3df,13.0,34,100,3.74,50
5ebe5359c88200382515760f,5e50d52818034a6835aeed37,2.0,7,5000,3.91,50
5e8ec06f45ca8b343769e77c,5e183869e344ec006fdaa805,8.0,48,100,4.01,50
5ed49b78c445ee6481e1d100,5ec3b16fedb2cda500b96542,5.86,5,100,4.55,50
5eaa6872e868273dd4f538d2,57fde031235aaa1926afe803,7.0,34,5000,3.81,50
5ae978af2d88f95727d921f2,56961502ca1588618ca6d5fe,8.0,252,1000,3.88,50
5c8600ae1cb98f7a3a7099c2,5aab3c8ea6bf7a704caec65c,12.0,11,1000,3.7,50
5eb5265fc98433438c3a5775,5dea1af2efc6ec06d5c16dd3,2.0,4,100,3.1,50
5da7e257dca002097b158dfc,5d44f6c68388973d77042d83,11.0,83,1000,3.63,50
5c3c095b2af01c230cd5dbf2,573d951ad57895595f6d5854,8.0,7,10000,4.14,50
5cb43ef2351d553f2d276946,5650100887aaa61273717ce0,16.0,50,100,3.93,50
5cda2dc154645202d0458a14,5926c5ace8ff5525241b368d,9.0,8,5000,4.41,50
5eaa4aead761a603014a1d64,5e673ce450536b05cca259f2,11.0,38,5000,4.11,50
5e9ea82f6171be39047899cd,571b38e66c39b141b1ad43e1,8.0,7,5000,3.71,50
5cfc84de83993d32af5257e9,59e6e21337f9f80861ee895f,8.0,50,5000,4.26,50
5eba14a6aa66533dc41f2ae3,5e732ba4dc0ec3709851e0f7,11.0,85,50,4.0,50
5d569982a4c254518f4e3f33,54a2cd4940b3782666e8a5bf,17.0,75,1000,4.18,50
5e0450861f26761e566fee35,580f361ff6978b4fdba4b112,2.8,3,1000,3.4,50
5dc23f82bcc20f001e5a73e0,5d9163dcbffbb14190a52df7,8.0,7,50,3.43,50
5ed0a8c8ada718467c37424f,5e535edc18034a4651aeecef,5.89,5,100,4.15,50
5eb763e728a61a40806afbff,58b011e82e27bf506cee1ace,8.0,7,1000,3.4,50
5ee46c69e9523b10591b0dca,5d481bd022f3014c80e6ddb2,1.0,1,100,3.17,50
5b0e18738213af277cb862f9,566012f6769a5629aefca555,16.0,14,10000,3.87,50
5e663f65b12772eb50bcf938,5bdc1408c23b3222e81f3936,1.66,2,1000,4.21,50
5e93d7cf79bded3d40385b54,5844fc74f521924c9b5148f3,2.71,3,100,4.33,50
5aba0e4d35ca8601538db9b5,5435ef5d01c0c057210e6b32,16.0,34,5000,4.28,50
5e44d17582959024a050bae7,58501ab6ff3da74c89f8927f,5.0,5,1000,3.85,50
5923db899009d70e4319514f,585a1ec0b357934ca66b1457,11.0,26,5000,4.04,50
5abb1309dc0c285e4eb675a8,556d0dc2c00cd721cce30dd1,6.0,6,1000,3.68,50
5ebb83bfb3eb1c26cc6f048b,5667f9745eec70268023940b,4.88,25,1000,4.0,50
55c181dee7f48f42252fb7ff,5384613a796f680f9d78a127,16.0,14,20000,4.27,50
5e5783f3ef63054df23adcd9,5d57d3a9cf65030dc331b0b2,11.0,75,1000,3.43,50
5eaa763bf2a4023bc0f6f600,55d18ce6183a5d103f970011,5.0,25,1000,3.64,50
5b812c6bad9cf525ee514516,5ae5c3cb4215954239aff8b9,6.0,10,10000,4.06,50
5ceb7e996bdaed5f2be26d58,5b0a6169012875789c76ebba,6.0,6,1000,3.15,50
5d0731413f99db0be0450928,58481b8e728de666bd5b925f,14.0,139,10000,4.26,50
5eb619fb040a7f1fc2bbe3d0,5772693e4e1511743e371036,9.0,17,100,4.18,50
5d0c4c994fb7a96068096174,5c74e493a0e25750b550e2a1,5.0,5,5000,4.1,50
5d088a1afc092c6d6e8c9daf,5c0232c1d9333c676958674e,7.0,6,20000,4.22,50
5e7d9c4eb880a0477d8103cb,55cc46e9b4f3404582b70222,9.0,11,100,4.4,50
5c710c76ebd9466c3e4861ad,58c14b3e98d70751f799bc3f,15.0,13,1000,3.5,50
5d63a7dfa9c84677ea42887f,5d43cda683889748193da7c0,7.0,6,1000,3.75,50
5ce35861a11669329976a491,5adef3559d5e9767b3177472,13.0,11,1000,3.97,50
5e3ec653022fe610e3dc5b72,5d4d24b3c8bc521b5568b537,7.0,17,100,3.89,50
5a62dcd33f78766f035945ac,53f6b7c81c105e2dfac91041,4.0,4,5000,4.19,50
5e6861a9ee70ce3101a91d44,580f06685250a20783d33e56,14.0,84,1000,3.27,50
5c920161bec77729d9490525,565c293d99558d1ed8ae7fb2,8.0,31,1000,4.12,50
58eeefc901ba331d47ca05d8,5879cca64f3f2e4e79ae70ae,4.0,26,5000,4.3,50
58ca99f931a345532b684d7e,58c28c4cae99c651278d7e6e,11.0,10,10000,4.16,50
5e97129b6ee2a91a8067702e,53bd3edad911396c5b3fb0aa,5.85,43,100,3.67,50
5ebf4728ed59bb08322ca81a,5eb8cf5429e78638f27379f5,5.6899999999999995,10,1000,3.74,50
592fc0ee8f7b083a09f0f64f,57edcd19252c15203b411d82,5.71,84,20000,3.9,50
5cc8351147634f53a6115fcc,5af25671e139d756e4f0afbe,9.0,84,1000,4.3,50
5d130908ce76c95e615be75c,599bf53b21064f19ffffc891,12.0,11,5000,3.6,50
5947718c4600c76e72246e75,584fd5cbd67ff04c93c70560,5.0,5,20000,4.19,50
5e426615a4662e4a214c6371,5b8f992a2eb51f465ffd388d,9.0,8,100,4.5,50
5d4bb45c3ff22e4754d51846,587b795b0366d00c898ea210,9.0,13,5000,3.75,50
5e686ce3e1cc2837f55f4401,566a25e33a698c1f131fd872,7.0,13,1000,3.74,50
5e9e714ed8ffeb004ec08270,54db03867851097093c0efe7,7.0,6,100,3.36,50
5b1a1d72892e9f13ded21644,56ebb573e652e91f9ca6a674,15.0,13,1000,3.88,50
5ee3257cb3c7be38e3ec7c74,538f4f18ab980a5167a1d722,8.0,7,10,4.5,50
5b2a113209dce569672cc9f2,58131ddf6f55296033923a7c,16.0,108,10000,4.25,50
5cb934f3a866551356e5f254,5ae90e716691361cdb40fb0b,8.0,42,5000,4.47,50
5d10a119f11faf10003b52c9,5c51b9b468178729c4213657,9.0,8,5000,4.08,50
5d3127cd4d7c340fd86ad244,59644507366c0629be364972,9.0,8,5000,4.08,50
5ccd4623195cfe61a169cafd,57820e33ea637711873c1618,3.65,4,20000,3.93,50
5a3385c1e26cae0aaa20e029,58db84154f0c6b53626b73ac,11.0,76,1000,4.23,50
5e4501d384935740a8a9a4c3,5d46d6fd4c78550b43ab8351,8.0,7,1000,3.41,50
5c6a4bbb3abfb51118b000ca,58cfdefdacb37b556efdff7c,8.0,9,1000,4.22,50
5cc004928e117425a916426b,5878edca3497136a61732df9,8.0,7,5000,3.6,50
5f046ac0980447385a1a28e4,5e6cb9806bab2075b2b64d15,12.0,11,100,1.0,50
5b42cb780cb47619a7f6bbc2,5800a8bb50d8ab5aaee15f20,8.0,7,20000,3.92,50
5e9e876d27f2102a8979c8ee,57878a7316b28907b9b50131,6.0,22,1000,4.45,50
5edf1268a464d32423613a5e,5c077d9e80508524a1cb3315,2.69,3,100,5.0,50
5ebd015540cd2c3a8953cecb,5e74810d7f5269411ad93989,1.67,2,100,3.59,50
5d2d3c9ed5c6b00249163289,5aa78a0c75599a5bd049d682,6.0,11,100,3.0,50
5e16bf595457ab0a563485ea,5825d0a72cf1425389672c35,8.0,7,5000,3.66,50
5c3845c9b7d2d26e8b409f02,593f5bc925c4f57281c63593,3.0,17,5000,4.17,50
5ef702023a91ac0176d698e6,5c6d6c28619caa1d94891d06,3.0,3,100,3.63,50
5e9d3f0bad02980482682c4e,5e50b3e818034a49f8aeecdf,1.0,8,50,3.75,50
5cb8136006879f55b0ff0df0,558c2cdc89d53c4005ea2920,5.0,5,5000,3.76,50
5ed9e4ba8ab15d0b4b04e50b,5c749805a0e25747655033ac,11.0,10,100,2.77,50
5e5ca8e862cb8f75896ae172,576b9101ac55bd7f2108992b,2.72,17,1000,3.63,50
5dd8ab8a786d6703c7ec8a69,5819d0d196f2cc7dffad41ec,3.81,4,1000,3.48,50
5eba352573d6765d88b36bdc,5a9e4f25e05388149703d9c8,11.0,10,100,4.14,50
5c60e1b2a74fd43d1ebfe639,5a018060448a526b450ddab8,6.0,6,100,3.99,50
5b1e05d0c71f3d17c2e5d4df,5847df29728de666ef5b853b,8.0,8,10000,4.3,50
5e40f1f893ca5f428e2471d3,55a641ddfa6d460ba65ce3b8,8.0,59,100,3.78,50
5c21ca1898238d325ed92eca,57ac6144abd6d018985e34a7,15.0,13,5000,3.73,50
5eaa52ee64c7a230fe403a64,5763e55cc6053f5e70522ad7,11.0,10,100,4.0,50
5edf0766194c971ec3ac4b9e,58ad449708de0c6dc59d9e06,2.81,3,100,3.5,50
5ad99c58bd784c1ffb100601,5911220e84aaef7ce5d732ef,6.0,17,5000,4.24,50
5d01ea30388e1065461d8806,5a9e3a01ccf0c80c2d372870,5.66,5,1000,4.21,50
5cf608da188cc348c6d66b74,5556c60071e86d19fe7590d4,6.0,7,10000,3.75,50
58df3eb809730e54ddd932ca,539937d634067e06707b1a8e,8.0,84,50000,3.6,50
5cef3ca4dd762342f4a4df7a,564d8a9ac0f55a1276cd96f8,7.0,9,10000,4.19,50
5ec35e48c2112616231ab3f4,55cc4e1d845591103477a561,14.0,50,100,5.0,50
5ed5f7ccdfed1b4b1ac785c7,5e548120207f9d0685eec2ea,1.84,2,100,3.68,50
5c9b2487b14bfa32ed7eb029,57a1ac972b6fb2282425b585,8.0,7,1000,4.05,50
5b20b718a2a83e2ca6e9ac7e,598040ea0ec30f7f43a3cc35,9.0,8,10000,4.03,50
5caed93ee8567b275e1ca8d8,583e3e7a5022c71b82d1b18c,7.0,22,100,4.46,50
5ed34320dd296c304cb25970,55837e8030c8403f7c8044b9,5.0,9,100,4.67,50
5caed595c7c1b5383a04043f,5528e6afecb5250bffe81ef7,3.72,11,1000,4.29,50
5b3f3a9205dff81785dba8e6,5708773c3c02161b3f8c7900,3.81,59,5000,3.74,50
5e9189606123795b1d5b60ab,582833faea77701b456c786a,4.93,5,1000,3.36,50
5de0bdcce07f9e75fdfc8da1,5963882dd9b42511248ca27d,16.0,14,5000,3.34,50
5d1b00a20d62613f9e7f76f3,583e34bb0299bc7904a92edf,9.0,8,1000,4.07,50
5ea139e452f5470ac02279e2,5d55f05833f0b43dceb58a50,8.0,22,100,4.6,50
5cfbdd5f3818e474b87846b7,5b43232f86152a07d4ffc58c,8.0,11,10000,3.82,50
5eb24d0fd8da132dfb97ee79,57fde031235aaa1926afe803,5.0,41,100,3.67,50
5d2fe4d55cdae96941f5a9bd,5466e6343dabbe66ab062be8,14.0,51,1000,3.73,50
5eccb455d4eb5d46b00be0ed,5add589edb5f1f32114d07df,14.0,14,1,5.0,50
5bdea74e9eddea3597f1a67d,5b507899ab577736508a0782,8.0,108,10000,3.96,50
5e8d606bda3e443b5e67bc29,58c4f51a77361650efb028df,9.0,8,5000,3.47,50
5d5a9a582084e238605c2d99,59146c0c71a2f21160479ee5,16.0,88,100,3.67,50
5cb9e5b3f80ccb4a33211329,558c2cdc89d53c4005ea2920,7.0,6,10000,3.88,50
5aa3592f6bcfa3795cba85b8,54b8872d40b37856baa55e38,3.66,4,20000,4.48,50
5c662a56c3b02f4d7fe5fe32,59c86bce67e9be6f9da5cb03,6.0,76,1000,3.61,50
5d0b625666b2734958f627dd,576cfeed007b536be4a9ae96,4.8100000000000005,5,10000,3.84,50
5ea28758278192466d0427dc,5d410bd1fe55c814ade29a1c,8.0,7,1000,3.52,50
5a618aff64621a6a2122adb6,58b26eaa01c02f5114ac2ae9,8.0,7,20000,4.17,50
5ac343da7ddb0617e9b95919,58dceeb2a6d6757401114dfd,14.0,12,5000,3.94,50
5d157312e38c8c047ea116f3,5cb636dda7173671aedef051,4.67,4,10000,3.92,50
5e7ed4fb7a1e3137c5ad14ff,587f85cbb8038f4cb049c56c,1.8,2,1000,4.2,50
5b4f0dc4dacb4350696cbbe1,58b92804935861529969e778,5.9,5,5000,3.5,50
5d6a0d55976cd02993e43250,592968ba63950d682ca4b195,5.0,5,1000,4.64,50
58d3459c7379b159c406b360,54869f80546ead6e5b318f5b,12.0,11,20000,4.15,50
5ae01ea95e2ae114f138414f,578866243a698c1713f2d19c,5.0,5,20000,4.07,50
55754db131308d19e9cfcfee,53aa664438d3046ee44a5024,12.0,76,20000,4.17,50
5d22bc01b1f60206f29d77e1,5c74e493a0e25750b550e2a1,6.0,6,10000,3.96,50
5e9693535690ff1a49098d4f,583138b06339b410ab9663ec,9.0,51,5000,4.11,50
56396e7c37b94b100592b93b,5384613a796f680f9d78a127,15.0,13,20000,4.34,50
5d2d40ad6044b50685483ae7,5acaf29d5ebcfd72403106a8,8.0,7,5000,3.99,50
5e75a726fd65bb1d871a71cc,5ae0213bb722cf61f1aa3624,8.0,11,1000,3.84,50
5cb84b0ca94960380df13ca7,5810c45baf5d3c19670b3f9a,8.0,7,1000,3.5,50
5eb6c6c98dfb8862c52ae331,5e8544bfd69a0ea72d39bc31,2.69,3,1000,3.32,50
5dbcfa073bab3307315950fc,5c17357134f7db2450b03d51,6.0,29,5000,3.71,50
5ea16697e791c05f2a5d0c6a,59a173df9fbc51783bd1f406,5.83,64,100,3.19,50
5e9699a819be191f54278a18,58cbc85cad83385080a3cf94,11.0,10,1000,4.34,50
5ed703113547ebad907edbc0,5aa24c9a22fad77bdfe2578b,27.0,23,50,4.25,50
5b7d0e51b79c8414c3ef8548,58b92804935861529969e778,4.0,4,10,5.0,50
5919b96486a1694f4fbcfa12,5705e40cfda6252c1a9db062,16.0,14,10000,3.74,50
572981a997dc5f5d3c5f0651,5357bcf2bb72c5504882e889,11.0,18,20000,4.14,50
59115cdde048527c7195b49f,576bbb443a698c085103c010,8.0,30,20000,3.61,50
5c3befd857ceb9569c5dbb8d,5937930e188f3d1bd209896d,11.0,12,10000,3.96,50
5ad96a001c6def05447630a0,55769de4fa0be7249554bce2,9.0,8,1000,3.72,50
5cb48928caedb76788c56141,5aa78a0c75599a5bd049d682,12.0,11,1000,3.94,50
5e7d7a3e796e353360f42fc7,5d5cf8ff2736783681e22991,7.0,84,100,3.7,50
5ce253c2bffaf674088e8ff3,57b58a411f608c02bd6976a4,8.0,7,1000,3.97,50
5c6ccaed29eb172d628bb404,5763e55cc6053f5e70522ad7,9.0,8,5000,4.28,50
5e609362ecbd0cb7bd4314da,5b8a0074f2858d1c8a032c5a,8.0,7,1000,3.4,50
5840d0503d6ce66bf4ff84e0,58131ddf6f55296033923a7c,12.0,87,10000,4.11,50
5959ed562c2ebe2e03d228f5,551506dc18b2791039a7286d,13.0,72,1000,3.99,50
5c41a80f3db9c507d63e3e52,5788a55ba78e3f2dce4126ff,3.0,3,5000,3.2,50
5cbdc84c85bdb02f695eae8c,558c2cdc89d53c4005ea2920,5.0,5,5000,3.2,50
5d66eb53d2bde654e2b948de,5d464f4a56a26046dd1bb8a4,12.0,11,5000,3.68,50
5ec62572edb716031c1256f3,586378e04b60fe69e3335c5f,8.0,7,50,4.0,50
5cb1abbb53de5b5d80d22e2e,58b7d6dd3c18975a18817d64,7.0,6,1000,3.98,50
56f0dab6277db57b2a18e14e,539937d634067e06707b1a8e,9.0,76,20000,3.55,50
5a6ac97e5983516f0f0dbf85,56c3c5d830d9795c3bad3124,13.0,11,10000,4.12,50
5ccea5c767c5606e6f8022b1,58f0a6738a60c363c1281d72,7.0,25,5000,3.5,50
5e60eee21ed938ec8c3da0af,5d3d857c0ff7f937558c4dd1,3.87,4,1000,3.68,50
5da04c1f5949a226113006f1,53aa664438d3046ee44a5024,15.0,92,100,3.51,50
5b4ed29514f0765a8a844592,58aec90823ef726994a323fe,5.91,5,1000,3.38,50
5e8f0165e815903d022a3c7c,584a7a381591451e4e3af3df,3.0,8,100,3.79,50
5c91a7ae7cfe8e4e64c36d97,56455b13b15aab129db58cb7,8.0,7,20000,4.25,50
5d5fadc99febd9356cbc52ee,5b507899ab577736508a0782,6.0,9,10000,4.08,50
5e74be96034d613d42b52dfe,5b42da1bf64320209fc8da69,5.0,19,100,3.71,50
5e857321f53c3d2d8f25e7ed,5a409cf87b584e7951b2e25f,7.0,6,100,4.07,50
